path	doc_type	category	axis	status	title
ADR-0001-cohesion-thesis-one-product-flat-catalog.md	adr	explanation	decision/ADR	Accepted	Adopt the cohesion thesis — one product across a
ADR-0002-tenant-and-identity-kernel.md	adr	explanation	decision/ADR	Proposed	Establish the Tenant and Identity kernel as the single
ADR-0003-audit-chain-and-evidence-emission.md	adr	explanation	decision/ADR	Proposed	Audit chain and evidence emission as the single tamper-evident
ADR-0004-plane-separation-control-data-analytics.md	adr	explanation	decision/ADR	Proposed	Plane separation across control / data / analytics with
ADR-0005-eventing-backbone-outbox-pattern.md	adr	explanation	decision/ADR	Proposed	Eventing backbone on Apache Kafka with outbox pattern, CloudEvents
ADR-0006-ontology-typed-entity-layer.md	adr	explanation	decision/ADR	Accepted	Ontology as the engine-enforced typed-entity layer with per-property tier
ADR-0007-cedar-authorization-policy-and-persona-tier.md	adr	explanation	decision/ADR	Proposed	Cedar policy engine for RBAC/ABAC + persona-tier autonomy ceiling
ADR-0008-data-use-boundary.md	adr	explanation	decision/ADR	Accepted	Data Use Boundary — twelve data classes with HARD_DENY
ADR-0009-cell-architecture-per-tenant-per-region.md	adr	explanation	decision/ADR	Proposed	Cell architecture — per-tenant per-region blast-radius cells with cell-routing
ADR-0010-regional-pack-architecture.md	adr	explanation	decision/ADR	Proposed	Regional pack architecture — canonical seams + per-locale plug-ins
ADR-0011-cross-microservice-contract-registry.md	adr	explanation	decision/ADR	Accepted	Cross-microservice contract registry — contracts/microservice-contracts.yaml source-of-truth, openapi/proto/asyncapi sub-directories, oya-check-contracts
ADR-0013-product-license-policy.md	adr	explanation	decision/ADR	Proposed	Product license policy — allowed (Apache-2 / MIT /
ADR-0014-build-vs-buy-policy.md	adr	explanation	decision/ADR	Proposed	Build-vs-buy policy — per-microservice matrix (in-house obligatory / external
ADR-0015-architectural-flattening-target.md	adr	explanation	decision/ADR	Accepted	Architectural flattening target — flat-crates crates/oya-<context>-<role>[-<capability>]/, role taxonomy (kernel
ADR-0016-wave-and-plane-integration-framework.md	adr	explanation	decision/ADR	Proposed	Wave and plane integration framework — descriptive wave names
ADR-0017-brand-naming-and-repo-layout.md	adr	explanation	decision/ADR	Accepted	Brand naming and repo layout — Oyatie / oYa
ADR-0018-glossary-and-terminology-canon.md	adr	explanation	decision/ADR	Accepted	Glossary and terminology canon — industry-aligned vocabulary, Oyatie-specific terms
ADR-0019-doc-catalog-and-update-protocol.md	adr	explanation	decision/ADR	Proposed	Doc catalog and update protocol — every consolidated doc
ADR-0020-foundry-multi-provider-adapter-model.md	adr	explanation	decision/ADR	Proposed	Foundry multi-provider adapter model — ProviderAdapter trait, ProviderAuth, capability-level
ADR-0021-foundry-capability-registry-and-mcp-gateway.md	adr	explanation	decision/ADR	Proposed	Foundry capability registry and MCP gateway — Capability schema,
ADR-0022-autonomy-ceiling-runtime-enforcement.md	adr	explanation	decision/ADR	Proposed	Autonomy ceiling — runtime enforcement via Cedar policy at
ADR-0023-foundry-sandbox-wasmtime-firecracker.md	adr	explanation	decision/ADR	Proposed	Foundry sandbox — Wasmtime + WASI Preview 2 for
ADR-0024-foundry-eval-harness-and-replay.md	adr	explanation	decision/ADR	Proposed	Foundry eval harness and replay — per-capability golden sets,
ADR-0025-foundry-as-engineering-platform.md	adr	explanation	decision/ADR	Proposed	Foundry as the engineering platform — repoctl, catalog, gates,
ADR-0026-in-house-ai-model-substrate-roadmap.md	adr	explanation	decision/ADR	Proposed	In-house AI model substrate — long-horizon W-AI-Model-Substrate; consume providers
ADR-0027-robotics-vision-speech-sub-substrates.md	adr	explanation	decision/ADR	Proposed	Robotics, vision, and speech sub-substrates — vision/speech model crates,
ADR-0028-cloud-microservice-architecture.md	adr	explanation	decision/ADR	Accepted	Cloud microservice — compute substrate with stable product surface
ADR-0029-connect-dual-context-architecture.md	adr	explanation	decision/ADR	Accepted	microservice — dual-context communications (Professional + Personal) as cohesion-bound
ADR-0030-search-microservice-architecture.md	adr	explanation	decision/ADR	Accepted	Search microservice — crawler / parser / index /
ADR-0031-ads-and-analytics-microservice-architecture.md	adr	explanation	decision/ADR	Accepted	Ads + Analytics microservice — singleton tenant-ads-gate sourcing, sub-100ms
ADR-0032-dcim-software-for-own-dc-ops.md	adr	explanation	decision/ADR	Proposed	DCIM software for Oyatie-owned DC operations — crates/oya-cloud-dcops-* with
ADR-0034-per-microservice-data-class-overrides.md	adr	explanation	decision/ADR	Accepted	Per-microservice data class overrides — microservice-side hard-deny pack that
ADR-0035-workflow-engine-state-machine-and-dag-hybrid.md	adr	explanation	decision/ADR	Proposed	Workflow engine — hybrid state-machine + DAG (not pure
ADR-0036-plugin-substrate-wasm-and-trust.md	adr	explanation	decision/ADR	Proposed	Plugin substrate — Wasmtime + WASI Preview 2 with
ADR-0037-public-api-stability-tiers-and-deprecation.md	adr	explanation	decision/ADR	Proposed	Public API stability tiers — preview / stable /
ADR-0038-trust-framework-and-dsr-cascade-and-proof-of-erasure.md	adr	explanation	decision/ADR	Proposed	Trust framework — cross-microservice lineage, DSR cascade across all
ADR-0039-supply-chain-security-trivy-cosign-sbom-signed-commits.md	adr	explanation	decision/ADR	Proposed	Supply chain security — Trivy 4-layer scan, Cosign keyless
ADR-0040-progressive-delivery-canary-blue-green-metric-gated-rollback.md	adr	explanation	decision/ADR	Proposed	Progressive delivery — Argo Rollouts canary, blue-green for stateful
ADR-0041-gitops-trunk-based-and-release-branch-cut-at-tag.md	adr	explanation	decision/ADR	Proposed	GitOps — trunk-based development with release branch cut at
ADR-0042-observability-stack-otel-and-in-house-ui.md	adr	explanation	decision/ADR	Superseded	Observability stack — OpenTelemetry SDK + VictoriaMetrics, in-house Leptos
ADR-0043-secrets-management-openbao-and-hsm-per-cell.md	adr	explanation	decision/ADR	Proposed	Secrets management — OpenBao (MPL-2; supersedes Vault BUSL), per-tenant
ADR-0044-service-mesh-istio-ambient-and-envoy-gateway.md	adr	explanation	decision/ADR	Proposed	Service mesh — Istio Ambient mode for east-west, Envoy
ADR-0045-database-tier-strategy.md	adr	explanation	decision/ADR	Proposed	Database tier strategy — PostgreSQL + Citus for OLTP,
ADR-0046-vector-store-strategy.md	adr	explanation	decision/ADR	Superseded	Vector store strategy — pgvector day-1, in-house Rust HNSW/IVF
ADR-0047-search-backend-strategy.md	adr	explanation	decision/ADR	Proposed	Search backend strategy — pgroonga day-1 (LGPL legal isolation),
ADR-0048-korean-morphology-and-multilingual-tokenization.md	adr	explanation	decision/ADR	Proposed	Korean morphology + multilingual tokenization — Tokenizer trait per
ADR-0049-cross-region-replication-and-residency.md	adr	explanation	decision/ADR	Proposed	Cross-region replication + residency — per-pack default residency class,
ADR-0050-automation-first-pipeline.md	adr	explanation	decision/ADR	Proposed	Automation-first pipeline — Google + Amazon doctrine, sccache +
ADR-0051-mobile-and-native-client-strategy.md	adr	explanation	decision/ADR	Accepted	Mobile and Native Client Strategy
ADR-0052-inventory-grit-cutover.md	adr	explanation	decision/ADR	Superseded	Canonical Inventory Ledger for the grit/icm Cutover
ADR-0053-grit-icm-as-sanctioned-primitives.md	adr	explanation	decision/ADR	Accepted	grit + icm + oya-tooling-agent-read as sole sanctioned primitives
ADR-0054-grit-scaffold-claim-pattern.md	adr	explanation	decision/ADR	Deprecated	Resolve new-crate chicken-and-egg via grit scaffold-claim pattern (icm-coordination-lock fallback)
ADR-0055-object-graph-renamed-to-ontology.md	adr	explanation	decision/ADR	Accepted	Object Graph renamed to Ontology
ADR-0056-rust-clean-architecture-bnf.md	adr	explanation	decision/ADR	Accepted	Rust Clean Architecture BNF v4.1 — Flat Microservice Grammar
ADR-0057-cutover-mechanics-rename-plan-v4.md	adr	explanation	decision/ADR	Accepted	Cutover Mechanics — Rename Plan v4 (Hybrid C)
ADR-0058-flat-microservice-catalog.md	adr	explanation	decision/ADR	Accepted	Flat microservice catalog — Product Groups retired
ADR-0059-workflow-ontology-ecosystem-adapter-layer.md	adr	explanation	decision/ADR	Accepted	Workflow + Ontology = ecosystem adapter layer
ADR-0060-bominal-inheritance-precedence.md	adr	explanation	decision/ADR	Accepted	Bominal-inheritance precedence — default inherit Bominal ADRs; session decisions
ADR-0061-application-b2b-unified-shell.md	adr	explanation	decision/ADR	Accepted	Application — B2B unified shell with à-la-carte product enablement
ADR-0062-quality-performance-scalability-bar.md	adr	explanation	decision/ADR	Accepted	Quality/Performance/Scalability bar — industry leaders + hyperscaler scale, mandatory
ADR-0063-documentation-set-coverage.md	adr	explanation	decision/ADR	Accepted	Documentation set coverage — every planned feature ships with
ADR-0064-canonical-base-and-localization-packs.md	adr	explanation	decision/ADR	Accepted	Canonical base + localization packs — pack-pluggable µservice architecture,
ADR-0065-docs-as-leptos-webapp-with-machine-readable-coemit.md	adr	explanation	decision/ADR	Accepted	Documentation as Leptos web pages with machine-readable JSON/YAML/TOML co-emission
ADR-0066-live-code-introspection-docs-portal.md	adr	explanation	decision/ADR	Accepted	Live code-introspection — docs portal reflects realtime project state
ADR-0067-ops-oyatie-com-hyperscaler-operations-console.md	adr	explanation	decision/ADR	Accepted	ops.oyatie.com — the canonical hyperscaler-grade operations console for the
ADR-0069-active-machine-readable-artifact-contract.md	adr	explanation	decision/ADR	Accepted	Active machine-readable artifact contract — 9-capability declaration, knowledge-graph substrate,
ADR-0083-rust-error-handling-tier-decision.md	adr	explanation	decision/ADR	Accepted	Rust Error-Handling Tier Decision — thiserror at libraries /
ADR-0090-hyper-canonical-http-backbone.md	adr	explanation	decision/ADR	Accepted	Hyper canonical HTTP backbone (ADR-tracked LTS extension for hyper
ADR-0091-foundry-write-gate-foundations.md	adr	explanation	decision/ADR	Accepted	Foundry write-gate foundations (Phase 05 contract)
ADR-0092-workspace-dependency-seam-policy.md	adr	explanation	decision/ADR	Accepted	Workspace dependency-seam policy
ADR-0093-latency-budget-reporter-rename.md	adr	explanation	decision/ADR	Accepted	DeadlineMiddleware → LatencyBudgetReporter (honest naming)
ADR-0094-handler-trait-with-associated-error.md	adr	explanation	decision/ADR	Accepted	Handler trait with associated Error type
ADR-0095-tenant-slug-in-tenancy-kernel.md	adr	explanation	decision/ADR	Accepted	TenantSlug centralized in oya-tenancy-kernel
ADR-0096-supervisor-language-rust-not-node.md	adr	explanation	decision/ADR	Accepted	Supervisor Language: Rust, not Node
ADR-0097-foundry-account-adapter-rename-target-slot-last.md	adr	explanation	decision/ADR	Accepted	Rename oya-foundry-account-adapter-* — Layer Token Must Be Last
ADR-0098-supervisor-dep-policy-Y-zero-deps-best-effort-durability.md	adr	explanation	decision/ADR	Accepted	Supervisor Dep-Policy Branch Y: Zero Net-New External Deps +
ADR-0099-cedar-policy-extend-supervisor-capabilities.md	adr	explanation	decision/ADR	Accepted	Cedar Policy Extension: Foundry Supervisor Capabilities at T1–T4
ADR-0100-supervisor-public-contract-lean-a10.md	adr	explanation	decision/ADR	Accepted	Foundry Supervisor Public Contract (Lean-a10)
ADR-0101-supervisor-mountpoint-direct-hyper.md	adr	explanation	decision/ADR	Accepted	Foundry Supervisor Mountpoint (Direct Hyper)
ADR-0102-foundry-settings-template-canonical-rendering.md	adr	explanation	decision/ADR	Accepted	Foundry Settings Template Canonical Rendering
ADR-0103-grit-cutover-inventory.md	adr	explanation	decision/ADR	Accepted	Grit cutover inventory of legacy primitives
ADR-0104-ecosystem-expansion-toolchain-and-adapters.md	adr	explanation	decision/ADR	Accepted	Ecosystem-expansion principle for check-lane + adapter crate reintroduction
ADR-0105-13-layer-enum-and-check-family-patterns.md	adr	explanation	decision/ADR	Accepted	13-value canonical layer enum + check-family + backend-suffix patterns
ADR-0106-rename-application-to-usecase.md	adr	explanation	decision/ADR	Accepted	Rename application layer to usecase (amends ADR-0105)
ADR-0107-tools-implicit-app-convention.md	adr	explanation	decision/ADR	Superseded	tools/ directory canonical-suffix binding (was: implicit app layer —
ADR-0108-sunset-lifecycle-automation.md	adr	explanation	decision/ADR	Accepted	Sunset → deprecation → removal lifecycle automation schema (machine-readable)
ADR-0109-lifecycle-automation-framework.md	adr	explanation	decision/ADR	Accepted	Lifecycle-automation framework (generic kernel + per-lifecycle configs)
ADR-0110-changeset-state-machine.md	adr	explanation	decision/ADR	Superseded	Changeset state machine
ADR-0111-merge-queue-projected-state-fix-at-any-stage.md	adr	explanation	decision/ADR	Proposed	Merge queue: projected-merge-state + fix-at-any-stage
ADR-0112-webhook-driven-foundry-agent-invocation.md	adr	explanation	decision/ADR	Superseded	Webhook-driven Foundry agent invocation
ADR-0113-vcs-orchestrator-end-to-end.md	adr	explanation	decision/ADR	Superseded	VCS orchestrator (oya vcs done) end-to-end
ADR-0114-canary-observability-rollback.md	adr	explanation	decision/ADR	Proposed	Canary observability gate + rollback
ADR-0115-registry-consolidation-flat-singular.md	adr	explanation	decision/ADR	Accepted	Registry consolidation: flat singular registry/
ADR-0116-retire-external-agent-coordination-tooling.md	adr	explanation	decision/ADR	Accepted	Retire external agent-coordination tooling (grit, rtk, icm, vox) in
ADR-0117-repo-hygiene-gitignore-audit-config-and-kyverno-consolidation.md	adr	explanation	decision/ADR	Accepted	Repo hygiene: gitignore .audit/, consolidate kyverno admission
ADR-0118-retire-archive-orphan-fitness-lane.md	adr	explanation	decision/ADR	Accepted	Retire archive-orphan fitness lane
ADR-0119-specs-flat-root-topology.md	adr	explanation	decision/ADR	Accepted	Specs flat-root topology
ADR-0120-rust-first-onprem-tooling-with-paired-uninstall.md	adr	explanation	decision/ADR	Superseded	Rust-first on-prem tooling; every install paired with uninstall
ADR-0121-onprem-k8s-stack-kubeadm-containerd-istio-envoy.md	adr	explanation	decision/ADR	Superseded	On-prem Kubernetes stack — vanilla kubeadm + containerd +
ADR-0122-ontology-crate-rename-from-object-graph.md	adr	explanation	decision/ADR	Accepted	Ontology crate rename — retire "object-graph" naming
ADR-0123-hyperscaler-maturity-claim-gate.md	adr	explanation	decision/ADR	Accepted	Hyperscaler maturity claim gate
ADR-0124-own-merge-queue-webhook-driven.md	adr	explanation	decision/ADR	Superseded	Own merge-queue policy — webhook-driven, GitHub-merge-queue-free
ADR-0128-hyperscaler-architecture-invariants.md	adr	explanation	decision/ADR	Accepted	Hyperscaler architecture invariants — canonical spec + portfolio binding
ADR-0129-changeset-plan-dag-and-honest-claims-gate.md	adr	explanation	decision/ADR	Accepted	ChangeSet Plan DAG and Honest Claims Gate
ADR-0130-deprecate-knowledge-graph-registry-file-migrate-to-ontology.md	adr	explanation	decision/ADR	Accepted	Deprecate registry/knowledge-graph-semantic.json and Migrate to Ontology Type System
ADR-0131-per-microservice-flat-layout.md	adr	explanation	decision/ADR	Accepted	Per-microservice flat layout (universal)
ADR-0132-product-platform-and-bundle-dissolution.md	adr	explanation	decision/ADR	Accepted	No-grouping forward-policy (universal flat catalog)
ADR-0133-industry-best-practice-conformance-program.md	adr	explanation	decision/ADR	Accepted	Industry-best-practice + hyperscaler-grade conformance program
ADR-0134-portfolio-hyperscaler-pattern-remediation-backlog.md	adr	explanation	decision/ADR	Proposed	Portfolio Hyperscaler Pattern Remediation Backlog
ADR-0135-aspirational-enforcement-gate.md	adr	explanation	decision/ADR	Accepted	Aspirational Enforcement Gate
ADR-0136-foundry-as-single-microservice.md	adr	explanation	decision/ADR	Accepted	Foundry as a single µservice (with internal bounded contexts)
ADR-0137-foundry-bounded-contexts.md	adr	explanation	decision/ADR	Accepted	Foundry bounded contexts
ADR-0138-foundry-six-path-deprecation.md	adr	explanation	decision/ADR	Accepted	Foundry six-path deprecation — Strangler migration
ADR-0139-agentic-slo-gated-promotion.md	adr	explanation	decision/ADR	Accepted	Agentic SLO-gated promotion
ADR-0140-cross-cutting-carriers-adapter-exemption.md	adr	explanation	decision/ADR	Superseded	Cross-cutting carriers — adapter-rule exemption
ADR-0141-workflow-ontology-read-path-direct.md	adr	explanation	decision/ADR	Superseded	Workflow + Ontology — read path direct; write path
ADR-0142-crdt-portability-trait.md	adr	explanation	decision/ADR	Accepted	CRDT portability trait + alternate-adapter compile gate
ADR-0143-foundry-per-bc-release-pointer.md	adr	explanation	decision/ADR	Accepted	Foundry per-BC release pointer
ADR-0144-eu-ai-act-graduated-risk-tier-model.md	adr	explanation	decision/ADR	Accepted	EU AI Act graduated risk tier model
ADR-0145-inter-microservice-communication-reform.md	adr	explanation	decision/ADR	Accepted	Inter-microservice communication: hyperscaler shape with opt-in Workflow + Ontology
ADR-0146-container-base-image-distroless-nonroot.md	adr	explanation	decision/ADR	Accepted	Container base image: distroless static-debian12:nonroot
ADR-0147-container-sandboxing-runtime-ladder.md	adr	explanation	decision/ADR	Amended	Container sandboxing runtime ladder
ADR-0148-service-mesh-cilium-ambient-layered.md	adr	explanation	decision/ADR	Accepted	Service-mesh canonical: Cilium L3/L4 + Istio Ambient L7 (layered
ADR-0149-idempotency-keys-canonical.md	adr	explanation	decision/ADR	Accepted	Idempotency Keys Canonical
ADR-0150-cursor-pagination-canonical.md	adr	explanation	decision/ADR	Accepted	Cursor Pagination Canonical
ADR-0151-request-id-propagation.md	adr	explanation	decision/ADR	Accepted	X-Request-Id Propagation
ADR-0152-rpo-rto-canonical.md	adr	explanation	decision/ADR	Accepted	RPO/RTO Canonical (Five-Tier Recovery Model)
ADR-0153-outbox-pattern.md	adr	explanation	decision/ADR	Accepted	Outbox Pattern
ADR-0154-event-schema-versioning.md	adr	explanation	decision/ADR	Accepted	Event Schema Versioning
ADR-0155-per-tenant-resource-quotas.md	adr	explanation	decision/ADR	Accepted	Per-Tenant Resource Quotas
ADR-0156-pii-registry-canonical.md	adr	explanation	decision/ADR	Accepted	PII Registry Canonical (Cross-Cutting Data Classification)
ADR-0157-api-gateway-tier.md	adr	explanation	decision/ADR	Accepted	Dedicated API Gateway Tier (separate from per-µservice rate-limit)
ADR-0158-multi-region-active-active.md	adr	explanation	decision/ADR	Accepted	Per-µservice Multi-Region Disposition (active-active / active-passive / single-region), Sovereign
ADR-0159-feature-flag-substrate.md	adr	explanation	decision/ADR	Accepted	Dedicated Feature-Flag µservice (runtime gradual rollout) separate from ChangeSet
ADR-0160-progressive-delivery-flagger.md	adr	explanation	decision/ADR	Accepted	Progressive Delivery via Flagger 1.x (canary + blue-green +
ADR-0161-csi-storage-class-canonical.md	adr	explanation	decision/ADR	Accepted	CSI Driver + StorageClass Abstraction (canonical naming oya-{pg,s3,redis,object}-{hot,warm,cold}; per-pack
ADR-0162-per-tenant-audit-log-slicing.md	adr	explanation	decision/ADR	Accepted	Per-tenant Audit-Chain Slicing (partition by tenant_id; sovereign-tenant dedicated shard;
ADR-0163-tenant-environment-tiers.md	adr	explanation	decision/ADR	Accepted	Per-tenant Environment Tiers (test / staging / prod), Cell-Isolated,
ADR-0164-sovereign-cloud-air-gapped.md	adr	explanation	decision/ADR	Accepted	Sovereign Cloud / Air-Gapped Deployment (per-pack variant; on-prem registry
ADR-0165-chaos-engineering-substrate.md	adr	explanation	decision/ADR	Accepted	Chaos Engineering Substrate (Chaos Mesh 2.x; SLO-driven nightly drills
ADR-0166-schema-registry.md	adr	explanation	decision/ADR	Accepted	Schema Registry (Apicurio Registry; Confluent-compat API; AsyncAPI 3.x +
ADR-0167-tenant-cli.md	adr	explanation	decision/ADR	Accepted	Tenant-facing CLI binary oya (separate from internal oya-dev-cli)
ADR-0168-public-status-page.md	adr	explanation	decision/ADR	Accepted	Public status page derived from SLO state
ADR-0169-webhook-dlq-retry.md	adr	explanation	decision/ADR	Accepted	Webhook DLQ + exponential-backoff retry (Stripe webhook subscriptions pattern)
ADR-0170-developer-portal.md	adr	explanation	decision/ADR	Superseded	Backstage-style internal developer portal
ADR-0171-multi-cluster-federation.md	adr	explanation	decision/ADR	Accepted	Multi-cluster federation via ArgoCD ApplicationSets + Cluster API
ADR-0172-cqrs-read-replicas.md	adr	explanation	decision/ADR	Accepted	Read replicas + CQRS where appropriate (high-read BCs only,
ADR-0173-vendor-lock-in-avoidance-and-stack-ownership.md	adr	explanation	decision/ADR	Accepted	Vendor lock-in avoidance and stack ownership
ADR-0174-finops-cost-attribution-chargeback.md	adr	explanation	decision/ADR	Accepted	FinOps cost-attribution + chargeback policy
ADR-0175-tenant-lifecycle-workflow.md	adr	explanation	decision/ADR	Accepted	Tenant lifecycle workflow
ADR-0176-brownout-degradation-signal-api.md	adr	explanation	decision/ADR	Accepted	Brown-out + graceful-degradation signal API
ADR-0177-internal-external-api-surface-separation.md	adr	explanation	decision/ADR	Accepted	Internal vs external API surface separation
ADR-0178-layered-throttling-tiers.md	adr	explanation	decision/ADR	Accepted	Layered throttling — per-tenant / per-user / per-IP /
ADR-0179-postgres-connection-pooling-pgcat.md	adr	explanation	decision/ADR	Accepted	Postgres connection pooling canonical: pgcat (Rust pgbouncer-class)
ADR-0180-slo-composition-inheritance-arithmetic.md	adr	explanation	decision/ADR	Accepted	SLO composition + inheritance arithmetic
ADR-0181-container-image-promotion-pipeline.md	adr	explanation	decision/ADR	Accepted	Container image promotion pipeline: dev → staging → prod
ADR-0182-api-gateway-north-south-vs-service-mesh-east-west-separation.md	adr	explanation	decision/ADR	Accepted	API Gateway (north-south) vs Service Mesh (east-west) separation; zero
ADR-0183-policy-engine-separation-cedar-app-authz-kyverno-admission.md	adr	explanation	decision/ADR	Superseded	Kubernetes policy engine separation: Cedar (app authz) vs Kyverno
ADR-0184-storage-tier-layering.md	adr	explanation	decision/ADR	Accepted	Storage tier layering: OLTP / read-replica / cache /
ADR-0185-workflow-studio-client-stack.md	adr	explanation	decision/ADR	Accepted	Workflow Studio client stack: per-surface native rendering; OpenAPI contract
ADR-0186-observability-backplane-layering.md	adr	explanation	decision/ADR	Accepted	Observability backplane layering: collection / storage / query /
ADR-0187-canonical-oidc-idp-zitadel-primary.md	adr	explanation	decision/ADR	Accepted	Canonical OIDC IdP: Zitadel primary; OIDC/SAML/SCIM/Passkeys/WebAuthn first-class
ADR-0188-passkey-webauthn-substrate.md	adr	explanation	decision/ADR	Accepted	Passkey / WebAuthn Level-3 substrate; phishing-resistant first-factor; TOTP fallback;
ADR-0189-step-up-authentication-acr-classes.md	adr	explanation	decision/ADR	Accepted	Step-up authentication ACR classes (routine, elevated, sensitive, critical); ACR-bound
ADR-0190-scim-2-provisioning-enterprise-tenants.md	adr	explanation	decision/ADR	Accepted	SCIM 2.0 inbound provisioning for enterprise tenants; pluggable adapter
ADR-0191-edge-authz-tier-vs-origin-cedar-pdp.md	adr	explanation	decision/ADR	Accepted	Edge authz tier separation: Envoy Gateway edge (IP/rate/WAF/bot/DDoS) vs
ADR-0192-vector-database-canonical-milvus.md	adr	explanation	decision/ADR	Accepted	Vector database canonical: Milvus disaggregated cluster; pgvector adapter only
ADR-0193-olap-analytics-warehouse-clickhouse.md	adr	explanation	decision/ADR	Accepted	OLAP analytics warehouse canonical: ClickHouse 26.3 LTS; tenant-facing analytics,
ADR-0194-tenant-facing-timeseries-timescaledb.md	adr	explanation	decision/ADR	Accepted	Tenant-facing time-series canonical: TimescaleDB 2.26 Community Edition (Apache-2.0) as
ADR-0195-stream-processing-tier.md	adr	explanation	decision/ADR	Accepted	Stream processing tier: ClickHouse Materialized Views + Kafka Engine
ADR-0196-object-storage-canonical-seaweedfs-primary-ceph-scale-up.md	adr	explanation	decision/ADR	Accepted	Object storage canonical: SeaweedFS primary, Ceph RGW scale-up path
ADR-0197-backup-substrate-velero-pgbackrest-restic.md	adr	explanation	decision/ADR	Accepted	Backup substrate: 3-pronged (Velero + pgBackRest + Restic) on
ADR-0198-k8s-node-autoscaling-karpenter.md	adr	explanation	decision/ADR	Accepted	Kubernetes node autoscaling: Karpenter primary, NodePool per workload class
ADR-0199-per-tenant-cost-attribution-finops-substrate.md	adr	explanation	decision/ADR	Accepted	Per-tenant cost attribution + FinOps substrate (OpenCost + FOCUS
ADR-0200-wasm-runtime-canonical-wasmtime.md	adr	explanation	decision/ADR	Accepted	WASM runtime canonical: Wasmtime
ADR-0201-email-transactional-comms-adapter-substrate.md	adr	explanation	decision/ADR	Accepted	Email + transactional comms adapter substrate
ADR-0202-gitops-iac-cluster-lifecycle-three-tier.md	adr	explanation	decision/ADR	Accepted	GitOps + IaC + Cluster lifecycle: three-tier separation
ADR-0203-documentation-engine-three-tier.md	adr	explanation	decision/ADR	Accepted	Documentation engine: three-tier separation
ADR-0204-workflow-studio-canvas-library.md	adr	explanation	decision/ADR	Accepted	Workflow Studio canvas / node-editor library: svelte-flow (Phase 1)
ADR-0205-code-editor-canonical-codemirror.md	adr	explanation	decision/ADR	Accepted	Code editor canonical: CodeMirror 6 (web) + native text
ADR-0206-i18n-substrate-fluent-icu.md	adr	explanation	decision/ADR	Accepted	i18n substrate: Fluent (Mozilla) as source-of-truth + ICU MessageFormat
ADR-0207-accessibility-wcag-2-2-aa.md	adr	explanation	decision/ADR	Accepted	Accessibility bar: WCAG 2.2 AA mandated; AAA on regulated
ADR-0208-realtime-transport-tier.md	adr	explanation	decision/ADR	Accepted	Realtime transport tier: SSE / WebSocket / gRPC streaming
ADR-0209-compliance-evidence-automation.md	adr	explanation	decision/ADR	Accepted	Compliance evidence automation: in-house pipeline replacing Drata / Vanta
ADR-0210-otel-tail-sampling.md	adr	explanation	decision/ADR	Accepted	OpenTelemetry tail-sampling: 100% error / p99 / new-endpoint traces
ADR-0211-in-house-tech-stack-policy.md	adr	explanation	decision/ADR	Accepted	In-House Tech Stack Policy
ADR-0212-buildability-doctrine.md	adr	explanation	decision/ADR	Accepted	Buildability Doctrine
ADR-0213-ecosystem-as-a-service-architecture.md	adr	explanation	decision/ADR	Proposed	Ecosystem-as-a-Service architecture — Plugin/App Store substrate
ADR-0214-cross-tenant-real-time-visibility.md	adr	explanation	decision/ADR	Proposed	Cross-Tenant Real-Time Visibility (Consent-Graph + Ontology Projection Extension)
ADR-0215-multi-context-platform-architecture.md	adr	explanation	decision/ADR	Accepted	Multi-Context Platform Architecture
ADR-0216-open-integration-and-migration-out-policy.md	adr	explanation	decision/ADR	Accepted	Open Integration and Migration-Out Policy
ADR-0217-vertical-slice-rollout-order.md	adr	explanation	decision/ADR	Accepted	Service Packaging Rollout Order
ADR-0218-tenant-granular-control-surface.md	adr	explanation	decision/ADR	Accepted	Tenant Granular Control Surface
ADR-0219-no-code-first-ux-with-optional-ai-assist.md	adr	explanation	decision/ADR	Accepted	No-Code-First UX with Optional AI-Assist
ADR-0220-consumer-intelligence-substrate.md	adr	explanation	decision/ADR	Accepted	Consumer Intelligence Substrate
ADR-0221-agentic-development-pipeline-hardening.md	adr	explanation	decision/ADR	Accepted	Agentic Development Pipeline Hardening
ADR-0222-saga-compensation-portfolio-policy.md	adr	explanation	decision/ADR	Accepted	Saga + compensating-transaction portfolio policy
ADR-0223-oya-git-drop-in-surface-with-explicit-policy-verbs.md	adr	explanation	decision/ADR	Accepted	oya git drop-in surface with explicit policy verbs
ADR-0234-connect-social-expansion-planning-contract.md	adr	explanation	decision/ADR	Accepted	Social Expansion Planning Contract
ADR-0235-connect-core-public-contracts.md	adr	explanation	decision/ADR	Accepted	Core Public Contracts
ADR-0236-op11-corpus-remediation-planning-contract.md	adr	explanation	decision/ADR	Proposed	OP-11 Corpus Remediation Planning Contract
ADR-0237-connect-dissolution-strangler-migration.md	adr	explanation	decision/ADR	Accepted	dissolution — Strangler-pattern migration
ADR-0238-connect-super-app-expansion.md	adr	explanation	decision/ADR	Accepted	super-app expansion into 8 flat µservices
ADR-0239-amendment-foundry-internal-scope-clarification-2026-05-18.md	adr	explanation	decision/ADR	Accepted	Foundry Scope Clarification (Internal-Only Amendment)
ADR-0240-sovereign-cloud-per-regional-pack.md	adr	explanation	decision/ADR	Accepted	Sovereign cloud per regional pack
ADR-0241-dr-business-continuity-portfolio-policy.md	adr	explanation	decision/ADR	Accepted	DR + business-continuity portfolio policy
ADR-0242-oyatie-is-a-tenant-doctrine.md	adr	explanation	decision/ADR	Proposed	oyatie-is-a-tenant doctrine
ADR-0243-cedar-as-universal-gate.md	adr	explanation	decision/ADR	Proposed	Cedar as Universal Gate
ADR-0244-tenant-as-universal-scoping-primitive.md	adr	explanation	decision/ADR	Proposed	Tenant as Universal Scoping Primitive
ADR-0245-substrate-vs-product-layering.md	adr	explanation	decision/ADR	Proposed	Substrate vs Product Layering
ADR-0246-policy-engine-substrate-promotion.md	adr	explanation	decision/ADR	Proposed	Policy-Engine Substrate Promotion
ADR-0247-self-hosting-self-modification-doctrine.md	adr	explanation	decision/ADR	Proposed	Self-Hosting / Self-Modification Doctrine
ADR-0248-amazon-shape-cellular-architecture.md	adr	explanation	decision/ADR	Proposed	Amazon-shape Cellular Architecture
ADR-0249-multi-category-marketplace-doctrine.md	adr	explanation	decision/ADR	Proposed	Multi-Category Marketplace Doctrine
ADR-0250-build-ahead-of-certification-doctrine.md	adr	explanation	decision/ADR	Proposed	Build-Ahead-of-Certification Doctrine
ADR-0251-compliance-pack-cell-certification-levels.md	adr	explanation	decision/ADR	Proposed	Compliance Pack + Cell Certification Levels
ADR-0252-time-coordination-distributed-consistency.md	adr	explanation	decision/ADR	Proposed	Time, Coordination, and Distributed Consistency
ADR-0253-network-topology-edge-service-mesh.md	adr	explanation	decision/ADR	Proposed	Network topology — Anycast apex + edge POPs +
ADR-0254-deployment-model-spectrum.md	adr	explanation	decision/ADR	Proposed	Deployment model spectrum
ADR-0255-intelligence-as-two-layer-ai-substrate.md	adr	explanation	decision/ADR	Proposed	Intelligence as Two-Layer AI Substrate
ADR-0257-ontology-object-type-versioning-deprecation-handshake.md	adr	explanation	decision/ADR	Proposed	Ontology Object-Type Versioning + Deprecation Handshake
ADR-0258-api-versioning-model.md	adr	explanation	decision/ADR	Accepted	API Versioning Model (Stripe-style request-time pinning for public, URL
ADR-0263-observability-emission-contract.md	adr	explanation	decision/ADR	Proposed	Observability Emission Contract
ADR-0272-cookie-consent-per-purpose-analytics-opt-in.md	adr	explanation	decision/ADR	Proposed	Cookie Consent + Per-Purpose Analytics Opt-In
ADR-0273-per-tenant-dkim-spf-dmarc-email-deliverability.md	adr	explanation	decision/ADR	Proposed	Per-tenant DKIM/SPF/DMARC email deliverability
ADR-0276-backup-portability-format-gdpr-article-20.md	adr	explanation	decision/ADR	Proposed	Backup + Portability Format (GDPR Article 20)
ADR-0280-substrate-of-substrate-dependency-doctrine.md	adr	explanation	decision/ADR	Proposed	Substrate-of-Substrate Dependency Doctrine
ADR-0284-platform-owner-name-indirection.md	adr	explanation	decision/ADR	Proposed	Platform-Owner-Name Indirection
ADR-0292-minor-user-doctrine-coppa-kosa-eu-age-verification.md	adr	explanation	decision/ADR	Proposed	Minor User Doctrine — COPPA + KOSA + EU
ADR-0293-foundry-meta-trust-root.md	adr	explanation	decision/ADR	Proposed	Foundry Meta-Trust-Root for Self-Modification Witness
ADR-0294-cedar-fragment-soak-anomaly-rollback.md	adr	explanation	decision/ADR	Proposed	Cedar Fragment Soak + Anomaly-Rollback
ADR-0295-bootstrap-ci-spiffe-kill-switch.md	adr	explanation	decision/ADR	Proposed	Bootstrap CI SPIFFE Identity + T+8h Kill-Switch
ADR-0296-library-first-credential-sidecar.md	adr	explanation	decision/ADR	Proposed	Library-First Credential Sidecar
ADR-0297-abuse-defence-baseline-anti-bot-spoof-scrape.md	adr	explanation	decision/ADR	Proposed	Abuse-Defence Baseline — Anti-Bot + Anti-Spoof + Anti-Scrape
ADR-0298-emergency-services-bypass-life-safety.md	adr	explanation	decision/ADR	Proposed	Emergency-Services Bypass — Life-Safety Hard Rule
ADR-0299-account-recovery-resilience.md	adr	explanation	decision/ADR	Proposed	Account-Recovery + Hijack-Recovery Resilience
ADR-0300-whistleblower-press-freedom-anonymity.md	adr	explanation	decision/ADR	Proposed	Whistleblower + Press-Freedom + Anonymity Doctrine
ADR-0301-survivor-safety-domestic-abuse-mode.md	adr	explanation	decision/ADR	Proposed	Survivor-Safety + Domestic-Abuse Mode
ADR-0302-deceased-user-inheritance-doctrine.md	adr	explanation	decision/ADR	Proposed	Deceased-User Inheritance Doctrine
ADR-0303-cognitive-impairment-decision-resilience.md	adr	explanation	decision/ADR	Proposed	Cognitive-Impairment and Decision-Resilience Doctrine
ADR-0304-cross-jurisdiction-conflict-resolution.md	adr	explanation	decision/ADR	Proposed	Cross-Jurisdiction Conflict Resolution Doctrine
ADR-0305-delegated-agent-authority-chain.md	adr	explanation	decision/ADR	Proposed	Delegated-Agent Authority Chain Doctrine
ADR-0306-disaster-mode-cell-resilience.md	adr	explanation	decision/ADR	Proposed	Disaster-Mode + Cell-Resilience Doctrine
ADR-0307-detection-substrate-streaming-batch.md	adr	explanation	decision/ADR	Proposed	Detection Substrate — Streaming + Batch (DRMP "D" Layer)
ADR-0308-ml-model-lifecycle-ai-act-compliance.md	adr	explanation	decision/ADR	Proposed	ML Model Lifecycle — EU AI Act + NIST
ADR-0309-detection-fairness-audit-civil-rights.md	adr	explanation	decision/ADR	Proposed	Detection Fairness + Civil-Rights Compliance Baseline
ADR-0310-investigation-case-management.md	adr	explanation	decision/ADR	Proposed	Investigation Case-Management Substrate
ADR-0311-dual-tenant-identity-personal-vs-work-boundary.md	adr	explanation	decision/ADR	Proposed	Dual-Tenant Identity — Personal-vs-Work Boundary
ADR-0312-court-warrant-scoped-piercing.md	adr	explanation	decision/ADR	Proposed	Court-Warrant Scoped Piercing
ADR-0313-conglomerate-tenant-hierarchy-sovereign-children.md	adr	explanation	decision/ADR	Proposed	Conglomerate-Tenant Hierarchy — Sovereign-Child + Policy-Engine-Mediated Controlling-Entity Grant
ADR-0314-marketplace-as-universal-deal-settlement.md	adr	explanation	decision/ADR	Proposed	Marketplace as Universal Deal-Settlement Substrate
ADR-0315-erp-coverage-doctrine-sap-parity.md	adr	explanation	decision/ADR	Proposed	ERP Coverage Doctrine - SAP-Parity Goal
ADR-0316-capability-tier-over-product-fragmentation.md	adr	explanation	decision/ADR	Proposed	Capability-Tier Over Product Fragmentation Doctrine
ADR-0317-role-based-projection-unified-ux-shell.md	adr	explanation	decision/ADR	Proposed	Role-Based Projection + Unified UX Shell Doctrine
ADR-0318-collar-color-workspace-universality.md	adr	explanation	decision/ADR	Proposed	Collar-Color and Workspace Universality Doctrine
ADR-0319-front-middle-back-office-information-barrier.md	adr	explanation	decision/ADR	Proposed	Front Office / Middle Office / Back Office Information-Barrier
ADR-0320-apprentice-intern-resident-fellow-transient-identity.md	adr	explanation	decision/ADR	Proposed	Apprentice, Intern, Resident, and Fellow Transient Identity Doctrine
ADR-0321-b2b-saas-industry-leader-coverage.md	adr	explanation	decision/ADR	Proposed	B2B SaaS Industry-Leader Coverage Doctrine
ADR-0322-substance-bar-as-doctrine-and-ci-enforcement.md	adr	explanation	decision/ADR	Proposed	Substance Bar as Doctrine and CI Enforcement
ADR-0323-multi-wave-sequencing-doctrine.md	adr	explanation	decision/ADR	Proposed	Multi-Wave Sequencing Doctrine
ADR-0324-anti-script-anti-template-doctrine.md	adr	explanation	decision/ADR	Proposed	Anti-Script Anti-Template Doctrine
ADR-0325-capability-tier-pricing-anchors-public.md	adr	explanation	decision/ADR	Proposed	Capability Tier Pricing Anchors Public
ADR-0326-per-tenant-data-residency-attestation.md	adr	explanation	decision/ADR	Proposed	Per-Tenant Data Residency Attestation
ADR-0327-wave-3-completion-criteria-and-promotion-gates.md	adr	explanation	decision/ADR	Proposed	Wave 3 Completion Criteria and Promotion Gates
ADR-0328-substance-bar-as-canonical-sequence-and-batch-discipline.md	adr	explanation	decision/ADR	Proposed	Substance Bar as Canonical Sequence and Batch Discipline
ADR-0329-tier-system-retired-replaced-by-tenant-class.md	adr	explanation	decision/ADR	Accepted	Tier system retired; replaced by tenant-class model
ADR-0330-tenant-class-demo-trial-vs-paid-composable-billing-components.md	adr	explanation	decision/ADR	Accepted	Tenant Class — demo_trial vs paid with Composable Billing
ADR-0331-cross-microservice-tenant-class-adoption-template.md	adr	explanation	decision/ADR	Accepted	Cross-µservice tenant_class Adoption Template
ADR-0332-healthcare-domain-decomposition.md	adr	explanation	decision/ADR	Accepted	Healthcare Domain Decomposition
ADR-0333-cell-microservice-retired-pattern-not-service.md	adr	explanation	decision/ADR	Accepted	Cell µservice retired; cellular architecture is a pattern, not
ADR-0334-shorts-microservice-merged-into-social.md	adr	explanation	decision/ADR	Accepted	shorts µservice retired; absorbed into social as short-video flavor
ADR-0335-foundry-microservice-retired-absorbed-by-intelligence.md	adr	explanation	decision/ADR	Accepted	foundry µservice retired; absorbed by intelligence; retired external agent harness terminology dropped
ADR-0336-valkey-not-redis-substrate.md	adr	explanation	decision/ADR	Proposed	Valkey is the canonical in-memory KV / cache /
ADR-0337-iceberg-canonical-olap-write-path.md	adr	explanation	decision/ADR	Proposed	Apache Iceberg is the canonical OLAP table-format write path
ADR-0338-pod-runtime-tier-0-to-3.md	adr	explanation	decision/ADR	Proposed	Pod runtime tier 0..3 (Kata + Cloud Hypervisor for
ADR-0339-shared-iac-module-library.md	adr	explanation	decision/ADR	Proposed	Shared IaC module library (microservices/cloud-iac/modules/<context>/<primitive>/ is canonical; per-µservice iac/<context>/main.tf
ADR-0340-capacity-model-per-microservice-manifest.md	adr	explanation	decision/ADR	Proposed	Capacity model per microservice manifest (baseline_cpu_per_tenant + baseline_ram_per_tenant +
ADR-0341-cellular-promotion-gates-explicit-tier-criteria.md	adr	explanation	decision/ADR	Proposed	Cellular promotion gates — explicit per-Tier 0..4 machine-checkable criteria
ADR-0342-api-versioning-hybrid-date-public-semver-sdk.md	adr	explanation	decision/ADR	Proposed	API versioning HYBRID model — date-based (YYYY-MM-DD) for public
ADR-0343-dr-rto-rpo-matrix-per-microservice-per-compliance-pack.md	adr	explanation	decision/ADR	Proposed	DR + RTO/RPO matrix per-µservice + per-compliance-pack (effective tenant
ADR-0344-sustainability-finops-dimensional-model.md	adr	explanation	decision/ADR	Proposed	Sustainability + finops dimensional model (per-call CO2-grams + watt-hours
ADR-0345-oss-stewardship-class-policy-and-cve-response-sla.md	adr	explanation	decision/ADR	Proposed	OSS stewardship class policy + CVE-response SLA (Maintainer /
ADR-0346-oya-verify-must-run-full-ci-mirror.md	adr	explanation	decision/ADR	Proposed	oya verify --ci-required MUST locally mirror the full CI
ADR-0347-foundry-fitness-to-governance-bulk-rename.md	adr	explanation	decision/ADR	Proposed	Foundry-fitness to governance bulk rename (doctrine-only; all oya-foundry-fitness-* CI
ADR-0348-autosharding-auto-rebalance-dynamic-sharding.md	adr	explanation	decision/ADR	Proposed	Autosharding + auto-rebalance + dynamic sharding (cellular topology MUST
ADR-0349-jenkins-argocd-self-hostable-ci-cd-substrate.md	adr	explanation	decision/ADR	Superseded	Jenkins (LTS) + ArgoCD canonical self-hostable CI/CD substrate (Jenkins
ADR-0350-uuidv7-canonical-id-primitive.md	adr	explanation	decision/ADR	Accepted	UUIDv7 Canonical ID Primitive Across Oyatie
ADR-0351-cell-rebalancer-and-cell-lifecycle-microservices.md	adr	explanation	decision/ADR	Accepted	Cell-rebalancer + cell-lifecycle microservices (amends ADR-0333)
ADR-0352-oyatie-from-scratch-architecture-handoff.md	adr	explanation	decision/ADR	Proposed	Oyatie from-scratch architecture handoff
ADR-0353-amendment-library-first-network-opt-in-clarification.md	adr	explanation	decision/ADR	Proposed	Amendment — Library-First / Network-Opt-In Clarification
ADR-0354-amendment-http3-fallback-strict-tls-ech-pqc.md	adr	explanation	decision/ADR	Proposed	Amendment — HTTP/3 Fallback Chain, Strict TLS, ECH, PQC
ADR-0355-amendment-library-first-network-opt-in-clarification.md	adr	explanation	decision/ADR	Proposed	Amendment — Library-First / Network-Opt-In Clarification
ADR-0356-amendment-library-first-ontology-read-path.md	adr	explanation	decision/ADR	Proposed	Amendment — Library-First Ontology Read-Path Clarification
ADR-0357-vertical-slice-monorepo-nesting.md	adr	explanation	decision/ADR	Proposed	Vertical-slice monorepo nesting (co-locate crate code under microservices/<ms>/crates/)
ADR-0358-ideal-production-roadmap-strangler-bazel-oya-overlay.md	adr	explanation	decision/ADR	Proposed	Ideal 0→100 production roadmap — strangler-fig migration, Bazel rules_rust
ADR-0359-jenkins-completely-replaces-github-actions.md	adr	explanation	decision/ADR	Superseded	Jenkins completely replaces GitHub Actions as the CI orchestrator
ADR-0360-ci-pipeline-optimization-program.md	adr	explanation	decision/ADR	Proposed	CI/CD pipeline optimization program — affected-target precision, gate-only overlay,
ADR-0361-jenkins-native-cicd-revamp-execution.md	adr	explanation	decision/ADR	Superseded	Execute the Jenkins-native CI/CD revamp — license-vetted hyperscaler supply-chain
ADR-0362-full-grouping-retirement-flat-only-catalog.md	adr	explanation	decision/ADR	Accepted	Full grouping retirement (flat-only catalog)
ADR-0363-retire-agentic-vcs-foundry-to-intelligence-forgejo-substrate.md	adr	explanation	decision/ADR	Accepted	Retire bespoke agentic-VCS; Foundry→Intelligence; oya is a governance-gate engine
ADR-0364-generative-adr-template-and-masterplan-generation.md	adr	explanation	decision/ADR	Accepted	-- generative front-matter (this ADR models the template it
ADR-0365-automated-adr-lifecycle-and-propagation.md	adr	explanation	decision/ADR	Accepted	Automated ADR lifecycle — research → consensus → ADR
ADR-0366-agentic-high-throughput-self-enforcing-pipeline.md	adr	explanation	decision/ADR	Accepted	Agentic high-throughput, self-enforcing, self-repairing pipeline
ADR-0367-trustless-pre-merge-verification-gateway.md	adr	explanation	decision/ADR	Accepted	Trustless pre-merge verification gateway (PR-ceremony-less)
ADR-0368-self-governing-agentic-platform-north-star.md	adr	explanation	decision/ADR	Accepted	Self-governing agentic platform — north-star charter
ADR-0369-gated-stacked-trunk-change-flow.md	adr	explanation	decision/ADR	Accepted	Gated stacked-trunk change-flow with a speculative merge-train
ADR-0370-local-production-fidelity-substrate-talos-apple-silicon.md	adr	explanation	decision/ADR	Accepted	Local production-fidelity substrate — multi-node Talos on Apple Silicon
ADR-0371-secure-control-plane-access-cloudflare-tunnel-access.md	adr	explanation	decision/ADR	Accepted	Secure control-plane access via Cloudflare Tunnel (L4) + Access
ADR-0372-frontend-stack-solidjs-ts-with-rust-wasm-compute-modules.md	adr	explanation	decision/ADR	Superseded	Frontend stack — SolidJS/TS app-shell + Rust→WASM compute modules
ADR-0373-llm-gateway-production-design.md	adr	explanation	decision/ADR	Accepted	cloud-intelligence gateway production design (provider-abstraction, key-pool resilience, audit)
ADR-0374-ci-webhook-gateway-forgejo-jenkins.md	adr	explanation	decision/ADR	Accepted	CI webhook gateway (GitHub → Jenkins gated pipeline trigger)
ADR-0375-talos-capi-argocd-fleet-substrate.md	adr	explanation	decision/ADR	Accepted	Talos + Cluster API + Argo CD fleet substrate
ADR-0376-managed-kubernetes-product-surface.md	adr	explanation	decision/ADR	Accepted	Oyatie managed-Kubernetes product surface (two-tier: hosted-default + dedicated-premium)
ADR-0377-forgejo-board-git-ref-cas-fallback.md	adr	explanation	decision/ADR	Proposed	GitHub board projection with git-ref CAS fallback
ADR-0377-kafka-to-pulsar-via-kop.md	adr	explanation	decision/ADR	Accepted	Migrate Kafka to Pulsar via KoP wire-compat
ADR-0378-canonical-local-substrate-vfkit-talos.md	adr	explanation	decision/ADR	Accepted	Canonical local substrate: vfkit + Talos Linux (retire colima)
ADR-0379-kubewarden-default-admission-substrate.md	adr	explanation	decision/ADR	Accepted	Kubewarden as the default Kubernetes admission/policy substrate (supersedes ADR-0183)
ADR-0380-ci-loop-closure-on-talos-jenkins-farm-re-establishment.md	adr	explanation	decision/ADR	Accepted	CI-loop closure on Talos: Jenkins farm re-establishment + GitHub
ADR-0381-kaniko-to-buildkit-and-multinode-talos-cell-topology.md	adr	explanation	decision/ADR	Proposed	Kaniko → BuildKit migration + multi-node Talos cell topology
ADR-0382-bare-metal-talos-zero-day-sidero.md	adr	explanation	decision/ADR	Proposed	Bare-metal Talos zero-day bring-up via Sidero Metal
ADR-0383-observability-stack-reconciliation-loki-tempo-mimir-grafana.md	adr	explanation	decision/ADR	Accepted	Observability stack reconciliation: keep Loki / Tempo / Mimir
ADR-0384-llm-gateway-oauth-subscription-pool-redesign.md	adr	explanation	decision/ADR	Proposed	cloud-intelligence gateway Path B redesign: OAuth subscription-pool replacing static
ADR-0387-ci-webhook-gateway-forgejo-to-jenkins-commit-status.md	adr	explanation	decision/ADR	Proposed	CI Webhook Gateway: GitHub → Jenkins → GitHub Commit-Status
ADR-0388-doc-axis-convention.md	adr	explanation	decision/ADR	Accepted	Doc-axis convention to prevent doc sprawl
ADR-0389-cloud-intelligence-bedrock-pattern-cloud-primitive.md	adr	explanation	decision/ADR	Accepted	cloud-intelligence: Bedrock-on-Talos pattern as a cloud primitive
ADR-0390-cloud-intelligence-v1-request-pipeline-and-proof-layer.md	adr	explanation	decision/ADR	Accepted	cloud-intelligence v1: request pipeline and proof layer
ADR-0391-n-lane-parallel-safety-proof-and-devops-console.md	adr	explanation	decision/ADR	Accepted	N-lane parallel safety proof and unified DevOps console
ADR-0392-buck2-canonical-build-graph.md	adr	explanation	decision/ADR	Proposed	Buck2 canonical build graph (reverses ADR-0358 §2 Bazel rules_rust)
ADR-0393-leptos-canonical-app-shell-frontend.md	adr	explanation	decision/ADR	Accepted	Leptos canonical app-shell frontend (Rust/WASM SSR+hydration; supersedes ADR-0372)
ADR-0394-bespoke-rust-idp-central-hub.md	adr	explanation	decision/ADR	Proposed	Bespoke-Rust IDP central hub (Leptos portal + ops-BFF; supersedes/reconciles
ADR-0408-buck2-driven-ci-cd.md	adr	explanation	decision/ADR	Proposed	Buck2-driven CI/CD — RBE + affected-targets + image builds
ADR-0476-oya-identity-bespoke-human-identity.md	adr	explanation	decision/ADR	Accepted	oya-identity: bespoke Rust human identity substrate
ADR-0478-oya-billing-bespoke-billing-engine.md	adr	explanation	decision/ADR	Accepted	oya-billing: bespoke Rust billing engine
ADR-0479-oya-meter-bespoke-usage-metering.md	adr	explanation	decision/ADR	Accepted	oya-meter: bespoke Rust usage metering substrate
ADR-0480-oya-cost-bespoke-k8s-cost-allocation.md	adr	explanation	decision/ADR	Accepted	oya-cost: bespoke Rust K8s cost allocation substrate
ADR-0481-oya-flags-bespoke-feature-flag-server.md	adr	explanation	decision/ADR	Accepted	oya-flags: bespoke Rust feature flag server superseding flagd
ADR-0482-bespoke-substrate-roadmap.md	adr	explanation	decision/ADR	Accepted	Bespoke Substrate Roadmap: multi-decade kernel + OS ambition with
ADR-0506-aws-lc-rs-canonical-crypto-provider.md	adr	explanation	decision/ADR	Accepted	aws-lc-rs canonical crypto provider (Phase-1) + oya-crypto Tier-4 bespoke
ADR-0507-webauthn-rs-canonical-relying-party.md	adr	explanation	decision/ADR	Accepted	webauthn-rs canonical WebAuthn relying-party (Phase-1) + oya-webauthn Tier-2 bespoke
ADR-0508-opensk-canonical-authenticator-reference.md	adr	explanation	decision/ADR	Accepted	OpenSK canonical authenticator-side reference (Phase-1) + oya-authn-device Tier-3 bespoke
ADR-0509-hyperscaler-service-decomposition-pattern.md	adr	explanation	decision/ADR	Accepted	Hyperscaler service decomposition pattern (single-crate-per-service + mod-based subsystems)
ADR-0510-scm-bespoke-hyperscaler-destination-cutover-trigger.md	adr	explanation	decision/ADR	Proposed	SCM destination = bespoke hyperscaler monorepo-VCS; GitHub transitory; cutover
ADR-0511-ci-orchestration-argo-workflows-supersede-jenkins.md	adr	explanation	decision/ADR	Superseded	CI orchestration = Argo Workflows (k8s-native); Jenkins transitory; supersede
ADR-0512-canonical-monorepo-pattern.md	adr	explanation	decision/ADR	Accepted	Canonical monorepo pattern — vertical-slice nesting, one workspace, bounded-context
ADR-0513-oya-ci-bespoke-rust-prow-cicd-platform.md	adr	explanation	decision/ADR	Superseded	oya-ci — bespoke-Rust Prow (Forgejo-native CI/CD platform)
ADR-0514-build-ci-cd-pipeline-target-architecture-hyperscaler-remediation.md	adr	explanation	decision/ADR	Superseded	Build/CI/CD Pipeline Target Architecture + Hyperscaler Remediation
ADR-0515-oya-ci-cd-unified-rust-native-cicd.md	adr	explanation	decision/ADR	Accepted	oya-ci / oya-cd — the unified Rust-native CI/CD product
INDEX.md	index	reference	index/meta	(none)	Oyatie Decisions Index — moved (single source of truth)
README.md	readme	how-to	index/meta	(none)	ADR Navigation Guide
specs/deep-dive-oyatie-sst-consolidation.md	spec	reference	spec/contract	Accepted	Deep-Dive Spec: oyatie Single Source of Truth + grit/icm
specs/deep-dive-trace-oyatie-sst-consolidation.md	spec	reference	spec/contract	Accepted	Deep Dive Trace: oyatie-sst-consolidation
templates/foundry-phase00-template.md	reference	reference	index/meta	Proposed	ADR-#### — <title>
