provider	module_path	target_quarter	owner_team	status
naver-cloud	microservices/cloud-iac/iac/opentofu/naver/	2026-Q3	axis-cloud	planned
kt-cloud	microservices/cloud-iac/iac/opentofu/kt/	2026-Q3	axis-cloud	planned
stc-cloud	microservices/cloud-iac/iac/opentofu/stc/	2026-Q4	axis-cloud	planned
mobily-cloud	microservices/cloud-iac/iac/opentofu/mobily/	2026-Q4	axis-cloud	planned
ovh	microservices/cloud-iac/iac/opentofu/ovh/	2026-Q3	axis-cloud	planned
sakura	microservices/cloud-iac/iac/opentofu/sakura/	2027-Q1	axis-cloud	planned
aws-gov	microservices/cloud-iac/iac/opentofu/aws-gov/	2026-Q4	axis-cloud	planned
azure-government	microservices/cloud-iac/iac/opentofu/azure-government/	2027-Q1	axis-cloud	planned
openstack-onprem	microservices/cloud-iac/iac/opentofu/openstack/	2026-Q4	axis-cloud	planned
