schema_name	contract_path	runtime_crate	source_path	rust_struct
CapabilityInvocationRequest	contracts/openapi/foundry/capability-v1.yaml	application-app	crates/application-app/src/lib.rs	CapabilityInvocationRequest
CapabilityInvocationReceipt	contracts/openapi/foundry/capability-v1.yaml	application-app	crates/application-app/src/lib.rs	InvocationReceipt
CapabilityInvokeApiSuccessResponse	contracts/openapi/foundry/capability-v1.yaml	intelligence-api	intelligence/core/api/src/lib.rs	CapabilityInvokeApiSuccessResponse
CapabilityInvokeApiResponseMetadata	contracts/openapi/foundry/capability-v1.yaml	intelligence-api	intelligence/core/api/src/lib.rs	CapabilityInvokeApiResponseMetadata
CapabilityInvokeApiErrorResponse	contracts/openapi/foundry/capability-v1.yaml	intelligence-api	intelligence/core/api/src/lib.rs	CapabilityInvokeApiErrorResponse
CapabilityInvokeApiErrorBody	contracts/openapi/foundry/capability-v1.yaml	intelligence-api	intelligence/core/api/src/lib.rs	CapabilityInvokeApiErrorBody
CapabilityInvokeApiErrorDetail	contracts/openapi/foundry/capability-v1.yaml	intelligence-api	intelligence/core/api/src/lib.rs	CapabilityInvokeApiErrorDetail
CloudIamPrincipalRef	contracts/openapi/cloud/cloud-iam-v1.yaml	cloud-iam-api	crates/cloud-iam-api/src/lib.rs	CloudIamPrincipalRef
CloudIamScopeRef	contracts/openapi/cloud/cloud-iam-v1.yaml	cloud-iam-api	crates/cloud-iam-api/src/lib.rs	CloudIamScopeRef
CloudIamRoleCreateRequest	contracts/openapi/cloud/cloud-iam-v1.yaml	cloud-iam-api	crates/cloud-iam-api/src/lib.rs	CloudIamRoleCreateRequest
CloudIamStsTokenRequest	contracts/openapi/cloud/cloud-iam-v1.yaml	cloud-iam-api	crates/cloud-iam-api/src/lib.rs	CloudIamStsTokenRequest
CloudIamRoleCreateSuccessResponse	contracts/openapi/cloud/cloud-iam-v1.yaml	cloud-iam-api	crates/cloud-iam-api/src/lib.rs	CloudIamRoleCreateSuccessResponse
CloudIamStsTokenSuccessResponse	contracts/openapi/cloud/cloud-iam-v1.yaml	cloud-iam-api	crates/cloud-iam-api/src/lib.rs	CloudIamStsTokenSuccessResponse
CloudIamApiResponseMetadata	contracts/openapi/cloud/cloud-iam-v1.yaml	cloud-iam-api	crates/cloud-iam-api/src/lib.rs	CloudIamApiResponseMetadata
CloudIamRoleRecord	contracts/openapi/cloud/cloud-iam-v1.yaml	cloud-iam-api	crates/cloud-iam-api/src/lib.rs	CloudIamRoleRecord
CloudIamStsSessionRecord	contracts/openapi/cloud/cloud-iam-v1.yaml	cloud-iam-api	crates/cloud-iam-api/src/lib.rs	CloudIamStsSessionRecord
CloudIamApiErrorResponse	contracts/openapi/cloud/cloud-iam-v1.yaml	cloud-iam-api	crates/cloud-iam-api/src/lib.rs	CloudIamApiErrorResponse
CloudIamApiErrorBody	contracts/openapi/cloud/cloud-iam-v1.yaml	cloud-iam-api	crates/cloud-iam-api/src/lib.rs	CloudIamApiErrorBody
CloudIamApiErrorDetail	contracts/openapi/cloud/cloud-iam-v1.yaml	cloud-iam-api	crates/cloud-iam-api/src/lib.rs	CloudIamApiErrorDetail
CloudKmsEncryptRequest	contracts/openapi/cloud/cloud-kms-v1.yaml	cloud-kms-api	crates/cloud-kms-api/src/lib.rs	CloudKmsEncryptRequest
CloudKmsDecryptRequest	contracts/openapi/cloud/cloud-kms-v1.yaml	cloud-kms-api	crates/cloud-kms-api/src/lib.rs	CloudKmsDecryptRequest
CloudKmsCryptoSuccessResponse	contracts/openapi/cloud/cloud-kms-v1.yaml	cloud-kms-api	crates/cloud-kms-api/src/lib.rs	CloudKmsCryptoSuccessResponse
CloudKmsUseReceiptRecord	contracts/openapi/cloud/cloud-kms-v1.yaml	cloud-kms-api	crates/cloud-kms-api/src/lib.rs	CloudKmsUseReceiptRecord
CloudKmsApiResponseMetadata	contracts/openapi/cloud/cloud-kms-v1.yaml	cloud-kms-api	crates/cloud-kms-api/src/lib.rs	CloudKmsApiResponseMetadata
CloudKmsApiErrorResponse	contracts/openapi/cloud/cloud-kms-v1.yaml	cloud-kms-api	crates/cloud-kms-api/src/lib.rs	CloudKmsApiErrorResponse
CloudKmsApiErrorBody	contracts/openapi/cloud/cloud-kms-v1.yaml	cloud-kms-api	crates/cloud-kms-api/src/lib.rs	CloudKmsApiErrorBody
CloudKmsApiErrorDetail	contracts/openapi/cloud/cloud-kms-v1.yaml	cloud-kms-api	crates/cloud-kms-api/src/lib.rs	CloudKmsApiErrorDetail
CloudRegionListSuccessResponse	contracts/openapi/cloud/cloud-region-v1.yaml	cloud-region-api	crates/cloud-region-api/src/lib.rs	CloudRegionListSuccessResponse
CloudAzListSuccessResponse	contracts/openapi/cloud/cloud-region-v1.yaml	cloud-region-api	crates/cloud-region-api/src/lib.rs	CloudAzListSuccessResponse
CloudRegionApiMetadata	contracts/openapi/cloud/cloud-region-v1.yaml	cloud-region-api	crates/cloud-region-api/src/lib.rs	CloudRegionApiMetadata
CloudRegionRecord	contracts/openapi/cloud/cloud-region-v1.yaml	cloud-region-api	crates/cloud-region-api/src/lib.rs	CloudRegionRecord
CloudRegionRegulatoryPackRef	contracts/openapi/cloud/cloud-region-v1.yaml	cloud-region-api	crates/cloud-region-api/src/lib.rs	CloudRegionRegulatoryPackRef
CloudRegionAzRef	contracts/openapi/cloud/cloud-region-v1.yaml	cloud-region-api	crates/cloud-region-api/src/lib.rs	CloudRegionAzRef
CloudRegionPowerZoneRef	contracts/openapi/cloud/cloud-region-v1.yaml	cloud-region-api	crates/cloud-region-api/src/lib.rs	CloudRegionPowerZoneRef
CloudRegionCellRef	contracts/openapi/cloud/cloud-region-v1.yaml	cloud-region-api	crates/cloud-region-api/src/lib.rs	CloudRegionCellRef
CloudAzRecord	contracts/openapi/cloud/cloud-region-v1.yaml	cloud-region-api	crates/cloud-region-api/src/lib.rs	CloudAzRecord
CloudRegionApiErrorResponse	contracts/openapi/cloud/cloud-region-v1.yaml	cloud-region-api	crates/cloud-region-api/src/lib.rs	CloudRegionApiErrorResponse
CloudRegionApiErrorBody	contracts/openapi/cloud/cloud-region-v1.yaml	cloud-region-api	crates/cloud-region-api/src/lib.rs	CloudRegionApiErrorBody
CloudRegionApiErrorDetail	contracts/openapi/cloud/cloud-region-v1.yaml	cloud-region-api	crates/cloud-region-api/src/lib.rs	CloudRegionApiErrorDetail
CloudStorageBlockVolumeCreateRequest	contracts/openapi/cloud/cloud-storage-block-v1.yaml	cloud-storage-block-api	crates/cloud-storage-block-api/src/lib.rs	CloudStorageBlockVolumeCreateRequest
CloudStorageBlockVolumePerformance	contracts/openapi/cloud/cloud-storage-block-v1.yaml	cloud-storage-block-api	crates/cloud-storage-block-api/src/lib.rs	CloudStorageBlockVolumePerformance
CloudStorageBlockVolumeCreateSuccessResponse	contracts/openapi/cloud/cloud-storage-block-v1.yaml	cloud-storage-block-api	crates/cloud-storage-block-api/src/lib.rs	CloudStorageBlockVolumeCreateSuccessResponse
CloudStorageBlockApiMetadata	contracts/openapi/cloud/cloud-storage-block-v1.yaml	cloud-storage-block-api	crates/cloud-storage-block-api/src/lib.rs	CloudStorageBlockApiMetadata
CloudStorageBlockVolumeRecord	contracts/openapi/cloud/cloud-storage-block-v1.yaml	cloud-storage-block-api	crates/cloud-storage-block-api/src/lib.rs	CloudStorageBlockVolumeRecord
CloudStorageBlockApiErrorResponse	contracts/openapi/cloud/cloud-storage-block-v1.yaml	cloud-storage-block-api	crates/cloud-storage-block-api/src/lib.rs	CloudStorageBlockApiErrorResponse
CloudStorageBlockApiErrorBody	contracts/openapi/cloud/cloud-storage-block-v1.yaml	cloud-storage-block-api	crates/cloud-storage-block-api/src/lib.rs	CloudStorageBlockApiErrorBody
CloudStorageBlockApiErrorDetail	contracts/openapi/cloud/cloud-storage-block-v1.yaml	cloud-storage-block-api	crates/cloud-storage-block-api/src/lib.rs	CloudStorageBlockApiErrorDetail
CloudStorageObjectPutRequest	contracts/openapi/cloud/cloud-storage-object-v1.yaml	cloud-storage-object-api	crates/cloud-storage-object-api/src/lib.rs	CloudStorageObjectPutRequest
CloudStorageObjectEncryptionBindingRequest	contracts/openapi/cloud/cloud-storage-object-v1.yaml	cloud-storage-object-api	crates/cloud-storage-object-api/src/lib.rs	CloudStorageObjectEncryptionBindingRequest
CloudStorageObjectPutSuccessResponse	contracts/openapi/cloud/cloud-storage-object-v1.yaml	cloud-storage-object-api	crates/cloud-storage-object-api/src/lib.rs	CloudStorageObjectPutSuccessResponse
CloudStorageObjectGetSuccessResponse	contracts/openapi/cloud/cloud-storage-object-v1.yaml	cloud-storage-object-api	crates/cloud-storage-object-api/src/lib.rs	CloudStorageObjectGetSuccessResponse
CloudStorageObjectMetadata	contracts/openapi/cloud/cloud-storage-object-v1.yaml	cloud-storage-object-api	crates/cloud-storage-object-api/src/lib.rs	CloudStorageObjectMetadata
CloudStorageObjectRecord	contracts/openapi/cloud/cloud-storage-object-v1.yaml	cloud-storage-object-api	crates/cloud-storage-object-api/src/lib.rs	CloudStorageObjectRecord
CloudStorageObjectEncryptionBindingRecord	contracts/openapi/cloud/cloud-storage-object-v1.yaml	cloud-storage-object-api	crates/cloud-storage-object-api/src/lib.rs	CloudStorageObjectEncryptionBindingRecord
CloudStorageObjectApiErrorResponse	contracts/openapi/cloud/cloud-storage-object-v1.yaml	cloud-storage-object-api	crates/cloud-storage-object-api/src/lib.rs	CloudStorageObjectApiErrorResponse
CloudStorageObjectApiErrorBody	contracts/openapi/cloud/cloud-storage-object-v1.yaml	cloud-storage-object-api	crates/cloud-storage-object-api/src/lib.rs	CloudStorageObjectApiErrorBody
CloudStorageObjectApiErrorDetail	contracts/openapi/cloud/cloud-storage-object-v1.yaml	cloud-storage-object-api	crates/cloud-storage-object-api/src/lib.rs	CloudStorageObjectApiErrorDetail
CloudComputeVmCreateRequest	contracts/openapi/cloud/cloud-compute-vm-v1.yaml	cloud-compute-vm-api	crates/cloud-compute-vm-api/src/lib.rs	CloudComputeVmCreateRequest
CloudComputeVmFlavorSpec	contracts/openapi/cloud/cloud-compute-vm-v1.yaml	cloud-compute-vm-api	crates/cloud-compute-vm-api/src/lib.rs	CloudComputeVmFlavorSpec
CloudComputeVmQuotaEnvelope	contracts/openapi/cloud/cloud-compute-vm-v1.yaml	cloud-compute-vm-api	crates/cloud-compute-vm-api/src/lib.rs	CloudComputeVmQuotaEnvelope
CloudComputeVmSecurityGroupRef	contracts/openapi/cloud/cloud-compute-vm-v1.yaml	cloud-compute-vm-api	crates/cloud-compute-vm-api/src/lib.rs	CloudComputeVmSecurityGroupRef
CloudComputeVmIamRoleRef	contracts/openapi/cloud/cloud-compute-vm-v1.yaml	cloud-compute-vm-api	crates/cloud-compute-vm-api/src/lib.rs	CloudComputeVmIamRoleRef
CloudComputeVmCreateSuccessResponse	contracts/openapi/cloud/cloud-compute-vm-v1.yaml	cloud-compute-vm-api	crates/cloud-compute-vm-api/src/lib.rs	CloudComputeVmCreateSuccessResponse
CloudComputeVmMetadata	contracts/openapi/cloud/cloud-compute-vm-v1.yaml	cloud-compute-vm-api	crates/cloud-compute-vm-api/src/lib.rs	CloudComputeVmMetadata
CloudComputeVmRecord	contracts/openapi/cloud/cloud-compute-vm-v1.yaml	cloud-compute-vm-api	crates/cloud-compute-vm-api/src/lib.rs	CloudComputeVmRecord
CloudComputeVmApiErrorResponse	contracts/openapi/cloud/cloud-compute-vm-v1.yaml	cloud-compute-vm-api	crates/cloud-compute-vm-api/src/lib.rs	CloudComputeVmApiErrorResponse
CloudComputeVmApiErrorBody	contracts/openapi/cloud/cloud-compute-vm-v1.yaml	cloud-compute-vm-api	crates/cloud-compute-vm-api/src/lib.rs	CloudComputeVmApiErrorBody
CloudComputeVmApiErrorDetail	contracts/openapi/cloud/cloud-compute-vm-v1.yaml	cloud-compute-vm-api	crates/cloud-compute-vm-api/src/lib.rs	CloudComputeVmApiErrorDetail
CloudComputeK8sClusterCreateRequest	contracts/openapi/cloud/cloud-compute-k8s-v1.yaml	cloud-compute-k8s-api	crates/cloud-compute-k8s-api/src/lib.rs	CloudComputeK8sClusterCreateRequest
CloudComputeK8sNodePoolCreateRequest	contracts/openapi/cloud/cloud-compute-k8s-v1.yaml	cloud-compute-k8s-api	crates/cloud-compute-k8s-api/src/lib.rs	CloudComputeK8sNodePoolCreateRequest
CloudComputeK8sSecurityGroupRef	contracts/openapi/cloud/cloud-compute-k8s-v1.yaml	cloud-compute-k8s-api	crates/cloud-compute-k8s-api/src/lib.rs	CloudComputeK8sSecurityGroupRef
CloudComputeK8sNodePoolFlavorSpec	contracts/openapi/cloud/cloud-compute-k8s-v1.yaml	cloud-compute-k8s-api	crates/cloud-compute-k8s-api/src/lib.rs	CloudComputeK8sNodePoolFlavorSpec
CloudComputeK8sQuotaEnvelope	contracts/openapi/cloud/cloud-compute-k8s-v1.yaml	cloud-compute-k8s-api	crates/cloud-compute-k8s-api/src/lib.rs	CloudComputeK8sQuotaEnvelope
CloudComputeK8sClusterCreateSuccessResponse	contracts/openapi/cloud/cloud-compute-k8s-v1.yaml	cloud-compute-k8s-api	crates/cloud-compute-k8s-api/src/lib.rs	CloudComputeK8sClusterCreateSuccessResponse
CloudComputeK8sMetadata	contracts/openapi/cloud/cloud-compute-k8s-v1.yaml	cloud-compute-k8s-api	crates/cloud-compute-k8s-api/src/lib.rs	CloudComputeK8sMetadata
CloudComputeK8sClusterRecord	contracts/openapi/cloud/cloud-compute-k8s-v1.yaml	cloud-compute-k8s-api	crates/cloud-compute-k8s-api/src/lib.rs	CloudComputeK8sClusterRecord
CloudComputeK8sApiErrorResponse	contracts/openapi/cloud/cloud-compute-k8s-v1.yaml	cloud-compute-k8s-api	crates/cloud-compute-k8s-api/src/lib.rs	CloudComputeK8sApiErrorResponse
CloudComputeK8sApiErrorBody	contracts/openapi/cloud/cloud-compute-k8s-v1.yaml	cloud-compute-k8s-api	crates/cloud-compute-k8s-api/src/lib.rs	CloudComputeK8sApiErrorBody
CloudComputeK8sApiErrorDetail	contracts/openapi/cloud/cloud-compute-k8s-v1.yaml	cloud-compute-k8s-api	crates/cloud-compute-k8s-api/src/lib.rs	CloudComputeK8sApiErrorDetail
CloudComputeFunctionsInvokeRequest	contracts/openapi/cloud/cloud-compute-functions-v1.yaml	cloud-compute-functions-api	crates/cloud-compute-functions-api/src/lib.rs	CloudComputeFunctionsInvokeRequest
CloudComputeFunctionsInvokeSuccessResponse	contracts/openapi/cloud/cloud-compute-functions-v1.yaml	cloud-compute-functions-api	crates/cloud-compute-functions-api/src/lib.rs	CloudComputeFunctionsInvokeSuccessResponse
CloudComputeFunctionsMetadata	contracts/openapi/cloud/cloud-compute-functions-v1.yaml	cloud-compute-functions-api	crates/cloud-compute-functions-api/src/lib.rs	CloudComputeFunctionsMetadata
CloudComputeFunctionsInvocationReceipt	contracts/openapi/cloud/cloud-compute-functions-v1.yaml	cloud-compute-functions-api	crates/cloud-compute-functions-api/src/lib.rs	CloudComputeFunctionsInvocationReceipt
CloudComputeFunctionsApiErrorResponse	contracts/openapi/cloud/cloud-compute-functions-v1.yaml	cloud-compute-functions-api	crates/cloud-compute-functions-api/src/lib.rs	CloudComputeFunctionsApiErrorResponse
CloudComputeFunctionsApiErrorBody	contracts/openapi/cloud/cloud-compute-functions-v1.yaml	cloud-compute-functions-api	crates/cloud-compute-functions-api/src/lib.rs	CloudComputeFunctionsApiErrorBody
CloudComputeFunctionsApiErrorDetail	contracts/openapi/cloud/cloud-compute-functions-v1.yaml	cloud-compute-functions-api	crates/cloud-compute-functions-api/src/lib.rs	CloudComputeFunctionsApiErrorDetail
CloudNetworkVpcCreateRequest	contracts/openapi/cloud/cloud-network-vpc-v1.yaml	cloud-network-vpc-api	crates/cloud-network-vpc-api/src/lib.rs	CloudNetworkVpcCreateRequest
CloudNetworkVpcRouteTableCreateRequest	contracts/openapi/cloud/cloud-network-vpc-v1.yaml	cloud-network-vpc-api	crates/cloud-network-vpc-api/src/lib.rs	CloudNetworkVpcRouteTableCreateRequest
CloudNetworkVpcRouteCreateRequest	contracts/openapi/cloud/cloud-network-vpc-v1.yaml	cloud-network-vpc-api	crates/cloud-network-vpc-api/src/lib.rs	CloudNetworkVpcRouteCreateRequest
CloudNetworkVpcSecurityGroupCreateRequest	contracts/openapi/cloud/cloud-network-vpc-v1.yaml	cloud-network-vpc-api	crates/cloud-network-vpc-api/src/lib.rs	CloudNetworkVpcSecurityGroupCreateRequest
CloudNetworkVpcSecurityRuleCreateRequest	contracts/openapi/cloud/cloud-network-vpc-v1.yaml	cloud-network-vpc-api	crates/cloud-network-vpc-api/src/lib.rs	CloudNetworkVpcSecurityRuleCreateRequest
CloudNetworkVpcCreateSuccessResponse	contracts/openapi/cloud/cloud-network-vpc-v1.yaml	cloud-network-vpc-api	crates/cloud-network-vpc-api/src/lib.rs	CloudNetworkVpcCreateSuccessResponse
CloudNetworkVpcApiMetadata	contracts/openapi/cloud/cloud-network-vpc-v1.yaml	cloud-network-vpc-api	crates/cloud-network-vpc-api/src/lib.rs	CloudNetworkVpcApiMetadata
CloudNetworkVpcRecord	contracts/openapi/cloud/cloud-network-vpc-v1.yaml	cloud-network-vpc-api	crates/cloud-network-vpc-api/src/lib.rs	CloudNetworkVpcRecord
CloudNetworkVpcApiErrorResponse	contracts/openapi/cloud/cloud-network-vpc-v1.yaml	cloud-network-vpc-api	crates/cloud-network-vpc-api/src/lib.rs	CloudNetworkVpcApiErrorResponse
CloudNetworkVpcApiErrorBody	contracts/openapi/cloud/cloud-network-vpc-v1.yaml	cloud-network-vpc-api	crates/cloud-network-vpc-api/src/lib.rs	CloudNetworkVpcApiErrorBody
CloudNetworkVpcApiErrorDetail	contracts/openapi/cloud/cloud-network-vpc-v1.yaml	cloud-network-vpc-api	crates/cloud-network-vpc-api/src/lib.rs	CloudNetworkVpcApiErrorDetail
CloudNetworkDnsZoneCreateRequest	contracts/openapi/cloud/cloud-network-dns-v1.yaml	cloud-network-dns-api	crates/cloud-network-dns-api/src/lib.rs	CloudNetworkDnsZoneCreateRequest
CloudNetworkDnsZoneCreateSuccessResponse	contracts/openapi/cloud/cloud-network-dns-v1.yaml	cloud-network-dns-api	crates/cloud-network-dns-api/src/lib.rs	CloudNetworkDnsZoneCreateSuccessResponse
CloudNetworkDnsApiMetadata	contracts/openapi/cloud/cloud-network-dns-v1.yaml	cloud-network-dns-api	crates/cloud-network-dns-api/src/lib.rs	CloudNetworkDnsApiMetadata
CloudNetworkDnsZoneRecord	contracts/openapi/cloud/cloud-network-dns-v1.yaml	cloud-network-dns-api	crates/cloud-network-dns-api/src/lib.rs	CloudNetworkDnsZoneRecord
CloudNetworkDnsApiErrorResponse	contracts/openapi/cloud/cloud-network-dns-v1.yaml	cloud-network-dns-api	crates/cloud-network-dns-api/src/lib.rs	CloudNetworkDnsApiErrorResponse
CloudNetworkDnsApiErrorBody	contracts/openapi/cloud/cloud-network-dns-v1.yaml	cloud-network-dns-api	crates/cloud-network-dns-api/src/lib.rs	CloudNetworkDnsApiErrorBody
CloudNetworkDnsApiErrorDetail	contracts/openapi/cloud/cloud-network-dns-v1.yaml	cloud-network-dns-api	crates/cloud-network-dns-api/src/lib.rs	CloudNetworkDnsApiErrorDetail
CloudNetworkLbCreateRequest	contracts/openapi/cloud/cloud-network-lb-v1.yaml	cloud-network-lb-api	crates/cloud-network-lb-api/src/lib.rs	CloudNetworkLbCreateRequest
CloudNetworkLbListenerCreateRequest	contracts/openapi/cloud/cloud-network-lb-v1.yaml	cloud-network-lb-api	crates/cloud-network-lb-api/src/lib.rs	CloudNetworkLbListenerCreateRequest
CloudNetworkLbTargetGroupCreateRequest	contracts/openapi/cloud/cloud-network-lb-v1.yaml	cloud-network-lb-api	crates/cloud-network-lb-api/src/lib.rs	CloudNetworkLbTargetGroupCreateRequest
CloudNetworkLbSubnetRef	contracts/openapi/cloud/cloud-network-lb-v1.yaml	cloud-network-lb-api	crates/cloud-network-lb-api/src/lib.rs	CloudNetworkLbSubnetRef
CloudNetworkLbMtlsConfigCreateRequest	contracts/openapi/cloud/cloud-network-lb-v1.yaml	cloud-network-lb-api	crates/cloud-network-lb-api/src/lib.rs	CloudNetworkLbMtlsConfigCreateRequest
CloudNetworkLbCreateSuccessResponse	contracts/openapi/cloud/cloud-network-lb-v1.yaml	cloud-network-lb-api	crates/cloud-network-lb-api/src/lib.rs	CloudNetworkLbCreateSuccessResponse
CloudNetworkLbApiMetadata	contracts/openapi/cloud/cloud-network-lb-v1.yaml	cloud-network-lb-api	crates/cloud-network-lb-api/src/lib.rs	CloudNetworkLbApiMetadata
CloudNetworkLbRecord	contracts/openapi/cloud/cloud-network-lb-v1.yaml	cloud-network-lb-api	crates/cloud-network-lb-api/src/lib.rs	CloudNetworkLbRecord
CloudNetworkLbApiErrorResponse	contracts/openapi/cloud/cloud-network-lb-v1.yaml	cloud-network-lb-api	crates/cloud-network-lb-api/src/lib.rs	CloudNetworkLbApiErrorResponse
CloudNetworkLbApiErrorBody	contracts/openapi/cloud/cloud-network-lb-v1.yaml	cloud-network-lb-api	crates/cloud-network-lb-api/src/lib.rs	CloudNetworkLbApiErrorBody
CloudNetworkLbApiErrorDetail	contracts/openapi/cloud/cloud-network-lb-v1.yaml	cloud-network-lb-api	crates/cloud-network-lb-api/src/lib.rs	CloudNetworkLbApiErrorDetail
CloudBillingInvoiceGenerateRequest	contracts/openapi/cloud/cloud-billing-invoice-v1.yaml	cloud-billing-tax-app	crates/cloud-billing-tax-app/src/lib.rs	CloudBillingInvoiceGenerateRequest
CloudBillingAccountSnapshotRequest	contracts/openapi/cloud/cloud-billing-invoice-v1.yaml	cloud-billing-tax-app	crates/cloud-billing-tax-app/src/lib.rs	CloudBillingAccountSnapshotRequest
CloudBillingMoneyRequest	contracts/openapi/cloud/cloud-billing-invoice-v1.yaml	cloud-billing-tax-app	crates/cloud-billing-tax-app/src/lib.rs	CloudBillingMoneyRequest
CloudBillingPeriodRequest	contracts/openapi/cloud/cloud-billing-invoice-v1.yaml	cloud-billing-tax-app	crates/cloud-billing-tax-app/src/lib.rs	CloudBillingPeriodRequest
CloudBillingInvoiceLineItemCreateRequest	contracts/openapi/cloud/cloud-billing-invoice-v1.yaml	cloud-billing-tax-app	crates/cloud-billing-tax-app/src/lib.rs	CloudBillingInvoiceLineItemCreateRequest
CloudBillingTaxMeterUnitRequest	contracts/openapi/cloud/cloud-billing-invoice-v1.yaml	cloud-billing-tax-app	crates/cloud-billing-tax-app/src/lib.rs	CloudBillingTaxMeterUnitRequest
CloudBillingInvoiceGenerateSuccessResponse	contracts/openapi/cloud/cloud-billing-invoice-v1.yaml	cloud-billing-tax-app	crates/cloud-billing-tax-app/src/lib.rs	CloudBillingInvoiceGenerateSuccessResponse
CloudBillingTaxApiMetadata	contracts/openapi/cloud/cloud-billing-invoice-v1.yaml	cloud-billing-tax-app	crates/cloud-billing-tax-app/src/lib.rs	CloudBillingTaxApiMetadata
CloudBillingInvoiceRecord	contracts/openapi/cloud/cloud-billing-invoice-v1.yaml	cloud-billing-tax-app	crates/cloud-billing-tax-app/src/lib.rs	CloudBillingInvoiceRecord
CloudBillingTaxApiErrorResponse	contracts/openapi/cloud/cloud-billing-invoice-v1.yaml	cloud-billing-tax-app	crates/cloud-billing-tax-app/src/lib.rs	CloudBillingTaxApiErrorResponse
CloudBillingTaxApiErrorBody	contracts/openapi/cloud/cloud-billing-invoice-v1.yaml	cloud-billing-tax-app	crates/cloud-billing-tax-app/src/lib.rs	CloudBillingTaxApiErrorBody
CloudBillingTaxApiErrorDetail	contracts/openapi/cloud/cloud-billing-invoice-v1.yaml	cloud-billing-tax-app	crates/cloud-billing-tax-app/src/lib.rs	CloudBillingTaxApiErrorDetail
CloudObservabilityAuditReadRequest	contracts/openapi/cloud/cloud-observability-audit-v1.yaml	cloud-observability-api	crates/cloud-observability-api/src/lib.rs	CloudObservabilityAuditReadRequest
CloudObservabilityAuditReadTopicRef	contracts/openapi/cloud/cloud-observability-audit-v1.yaml	cloud-observability-api	crates/cloud-observability-api/src/lib.rs	CloudObservabilityAuditReadTopicRef
CloudObservabilityAuditReadSuccessResponse	contracts/openapi/cloud/cloud-observability-audit-v1.yaml	cloud-observability-api	crates/cloud-observability-api/src/lib.rs	CloudObservabilityAuditReadSuccessResponse
CloudObservabilityAuditReadMetadata	contracts/openapi/cloud/cloud-observability-audit-v1.yaml	cloud-observability-api	crates/cloud-observability-api/src/lib.rs	CloudObservabilityAuditReadMetadata
CloudObservabilityAuditRecord	contracts/openapi/cloud/cloud-observability-audit-v1.yaml	cloud-observability-api	crates/cloud-observability-api/src/lib.rs	CloudObservabilityAuditRecord
CloudObservabilityDataClassRef	contracts/openapi/cloud/cloud-observability-audit-v1.yaml	cloud-observability-api	crates/cloud-observability-api/src/lib.rs	CloudObservabilityDataClassRef
CloudObservabilityApiErrorResponse	contracts/openapi/cloud/cloud-observability-audit-v1.yaml	cloud-observability-api	crates/cloud-observability-api/src/lib.rs	CloudObservabilityApiErrorResponse
CloudObservabilityApiErrorBody	contracts/openapi/cloud/cloud-observability-audit-v1.yaml	cloud-observability-api	crates/cloud-observability-api/src/lib.rs	CloudObservabilityApiErrorBody
CloudObservabilityApiErrorDetail	contracts/openapi/cloud/cloud-observability-audit-v1.yaml	cloud-observability-api	crates/cloud-observability-api/src/lib.rs	CloudObservabilityApiErrorDetail
CloudFinopsReportGenerateRequest	contracts/openapi/cloud/cloud-finops-report-v1.yaml	cloud-finops-api	crates/cloud-finops-api/src/lib.rs	CloudFinopsReportGenerateRequest
CloudFinopsPeriodRequest	contracts/openapi/cloud/cloud-finops-report-v1.yaml	cloud-finops-api	crates/cloud-finops-api/src/lib.rs	CloudFinopsPeriodRequest
CloudFinopsAxisRef	contracts/openapi/cloud/cloud-finops-report-v1.yaml	cloud-finops-api	crates/cloud-finops-api/src/lib.rs	CloudFinopsAxisRef
CloudFinopsReportAnomalyPolicyRequest	contracts/openapi/cloud/cloud-finops-report-v1.yaml	cloud-finops-api	crates/cloud-finops-api/src/lib.rs	CloudFinopsReportAnomalyPolicyRequest
CloudFinopsReportGenerateSuccessResponse	contracts/openapi/cloud/cloud-finops-report-v1.yaml	cloud-finops-api	crates/cloud-finops-api/src/lib.rs	CloudFinopsReportGenerateSuccessResponse
CloudFinopsReportMetadata	contracts/openapi/cloud/cloud-finops-report-v1.yaml	cloud-finops-api	crates/cloud-finops-api/src/lib.rs	CloudFinopsReportMetadata
CloudFinopsReportRecord	contracts/openapi/cloud/cloud-finops-report-v1.yaml	cloud-finops-api	crates/cloud-finops-api/src/lib.rs	CloudFinopsReportRecord
CloudFinopsMoneyRecord	contracts/openapi/cloud/cloud-finops-report-v1.yaml	cloud-finops-api	crates/cloud-finops-api/src/lib.rs	CloudFinopsMoneyRecord
CloudFinopsAxisCostRecord	contracts/openapi/cloud/cloud-finops-report-v1.yaml	cloud-finops-api	crates/cloud-finops-api/src/lib.rs	CloudFinopsAxisCostRecord
CloudFinopsResourceCostRecord	contracts/openapi/cloud/cloud-finops-report-v1.yaml	cloud-finops-api	crates/cloud-finops-api/src/lib.rs	CloudFinopsResourceCostRecord
CloudFinopsCostAnomalyRecord	contracts/openapi/cloud/cloud-finops-report-v1.yaml	cloud-finops-api	crates/cloud-finops-api/src/lib.rs	CloudFinopsCostAnomalyRecord
CloudFinopsRecommendationRecord	contracts/openapi/cloud/cloud-finops-report-v1.yaml	cloud-finops-api	crates/cloud-finops-api/src/lib.rs	CloudFinopsRecommendationRecord
CloudFinopsApiErrorResponse	contracts/openapi/cloud/cloud-finops-report-v1.yaml	cloud-finops-api	crates/cloud-finops-api/src/lib.rs	CloudFinopsApiErrorResponse
CloudFinopsApiErrorBody	contracts/openapi/cloud/cloud-finops-report-v1.yaml	cloud-finops-api	crates/cloud-finops-api/src/lib.rs	CloudFinopsApiErrorBody
CloudFinopsApiErrorDetail	contracts/openapi/cloud/cloud-finops-report-v1.yaml	cloud-finops-api	crates/cloud-finops-api/src/lib.rs	CloudFinopsApiErrorDetail
CloudCellBindRequest	contracts/openapi/cloud/cloud-cell-bind-v1.yaml	cloud-cell-app	crates/cloud-cell-app/src/lib.rs	CloudCellBindRequest
CloudCellBindSuccessResponse	contracts/openapi/cloud/cloud-cell-bind-v1.yaml	cloud-cell-app	crates/cloud-cell-app/src/lib.rs	CloudCellBindSuccessResponse
CloudCellApiMetadata	contracts/openapi/cloud/cloud-cell-bind-v1.yaml	cloud-cell-app	crates/cloud-cell-app/src/lib.rs	CloudCellApiMetadata
CloudCellBindingRecord	contracts/openapi/cloud/cloud-cell-bind-v1.yaml	cloud-cell-app	crates/cloud-cell-app/src/lib.rs	CloudCellBindingRecord
CloudCellApiErrorResponse	contracts/openapi/cloud/cloud-cell-bind-v1.yaml	cloud-cell-app	crates/cloud-cell-app/src/lib.rs	CloudCellApiErrorResponse
CloudCellApiErrorBody	contracts/openapi/cloud/cloud-cell-bind-v1.yaml	cloud-cell-app	crates/cloud-cell-app/src/lib.rs	CloudCellApiErrorBody
CloudCellApiErrorDetail	contracts/openapi/cloud/cloud-cell-bind-v1.yaml	cloud-cell-app	crates/cloud-cell-app/src/lib.rs	CloudCellApiErrorDetail
IdentityScopeRef	contracts/openapi/platform/platform-identity-token-v1.yaml	identity-usecase	crates/identity-usecase/src/lib.rs	IdentityScopeRef
IdentityTokenIssueRequest	contracts/openapi/platform/platform-identity-token-v1.yaml	identity-usecase	crates/identity-usecase/src/lib.rs	IdentityTokenIssueRequest
IdentityTokenIssueSuccessResponse	contracts/openapi/platform/platform-identity-token-v1.yaml	identity-usecase	crates/identity-usecase/src/lib.rs	IdentityTokenIssueSuccessResponse
IdentityTokenIssueMetadata	contracts/openapi/platform/platform-identity-token-v1.yaml	identity-usecase	crates/identity-usecase/src/lib.rs	IdentityTokenIssueMetadata
IdentityTokenRecord	contracts/openapi/platform/platform-identity-token-v1.yaml	identity-usecase	crates/identity-usecase/src/lib.rs	IdentityTokenRecord
IdentityTokenIssueApiErrorResponse	contracts/openapi/platform/platform-identity-token-v1.yaml	identity-usecase	crates/identity-usecase/src/lib.rs	IdentityTokenIssueApiErrorResponse
IdentityTokenIssueApiErrorBody	contracts/openapi/platform/platform-identity-token-v1.yaml	identity-usecase	crates/identity-usecase/src/lib.rs	IdentityTokenIssueApiErrorBody
IdentityTokenIssueApiErrorDetail	contracts/openapi/platform/platform-identity-token-v1.yaml	identity-usecase	crates/identity-usecase/src/lib.rs	IdentityTokenIssueApiErrorDetail
IdentityUserRoleRef	contracts/openapi/platform/platform-identity-user-v1.yaml	identity-api	crates/identity-api/src/lib.rs	IdentityUserRoleRef
IdentityUserUpsertRequest	contracts/openapi/platform/platform-identity-user-v1.yaml	identity-api	crates/identity-api/src/lib.rs	IdentityUserUpsertRequest
IdentityUserUpsertSuccessResponse	contracts/openapi/platform/platform-identity-user-v1.yaml	identity-api	crates/identity-api/src/lib.rs	IdentityUserUpsertSuccessResponse
IdentityUserUpsertMetadata	contracts/openapi/platform/platform-identity-user-v1.yaml	identity-api	crates/identity-api/src/lib.rs	IdentityUserUpsertMetadata
IdentityUserRecord	contracts/openapi/platform/platform-identity-user-v1.yaml	identity-api	crates/identity-api/src/lib.rs	IdentityUserRecord
IdentityUserUpsertApiErrorResponse	contracts/openapi/platform/platform-identity-user-v1.yaml	identity-api	crates/identity-api/src/lib.rs	IdentityUserUpsertApiErrorResponse
IdentityUserUpsertApiErrorBody	contracts/openapi/platform/platform-identity-user-v1.yaml	identity-api	crates/identity-api/src/lib.rs	IdentityUserUpsertApiErrorBody
IdentityUserUpsertApiErrorDetail	contracts/openapi/platform/platform-identity-user-v1.yaml	identity-api	crates/identity-api/src/lib.rs	IdentityUserUpsertApiErrorDetail
CedarPolicyScopeRef	contracts/openapi/platform/platform-policy-cedar-v1.yaml	policy-cedar-api	crates/policy-cedar-api/src/lib.rs	CedarPolicyScopeRef
CedarPolicyRequiredAttribute	contracts/openapi/platform/platform-policy-cedar-v1.yaml	policy-cedar-api	crates/policy-cedar-api/src/lib.rs	CedarPolicyRequiredAttribute
CedarPolicyRuleRef	contracts/openapi/platform/platform-policy-cedar-v1.yaml	policy-cedar-api	crates/policy-cedar-api/src/lib.rs	CedarPolicyRuleRef
CedarPolicyPublishRequest	contracts/openapi/platform/platform-policy-cedar-v1.yaml	policy-cedar-api	crates/policy-cedar-api/src/lib.rs	CedarPolicyPublishRequest
CedarPolicyPublishSuccessResponse	contracts/openapi/platform/platform-policy-cedar-v1.yaml	policy-cedar-api	crates/policy-cedar-api/src/lib.rs	CedarPolicyPublishSuccessResponse
CedarPolicyPublishMetadata	contracts/openapi/platform/platform-policy-cedar-v1.yaml	policy-cedar-api	crates/policy-cedar-api/src/lib.rs	CedarPolicyPublishMetadata
CedarPolicyRecord	contracts/openapi/platform/platform-policy-cedar-v1.yaml	policy-cedar-api	crates/policy-cedar-api/src/lib.rs	CedarPolicyRecord
CedarPolicyPublishApiErrorResponse	contracts/openapi/platform/platform-policy-cedar-v1.yaml	policy-cedar-api	crates/policy-cedar-api/src/lib.rs	CedarPolicyPublishApiErrorResponse
CedarPolicyPublishApiErrorBody	contracts/openapi/platform/platform-policy-cedar-v1.yaml	policy-cedar-api	crates/policy-cedar-api/src/lib.rs	CedarPolicyPublishApiErrorBody
CedarPolicyPublishApiErrorDetail	contracts/openapi/platform/platform-policy-cedar-v1.yaml	policy-cedar-api	crates/policy-cedar-api/src/lib.rs	CedarPolicyPublishApiErrorDetail
ObjectGraphEntityPropertyRef	contracts/openapi/platform/platform-object-graph-v1.yaml	ontology-api	crates/ontology-api/src/lib.rs	ObjectGraphEntityPropertyRef
ObjectGraphEntityUpsertRequest	contracts/openapi/platform/platform-object-graph-v1.yaml	ontology-api	crates/ontology-api/src/lib.rs	ObjectGraphEntityUpsertRequest
ObjectGraphEntityUpsertSuccessResponse	contracts/openapi/platform/platform-object-graph-v1.yaml	ontology-api	crates/ontology-api/src/lib.rs	ObjectGraphEntityUpsertSuccessResponse
ObjectGraphEntityUpsertMetadata	contracts/openapi/platform/platform-object-graph-v1.yaml	ontology-api	crates/ontology-api/src/lib.rs	ObjectGraphEntityUpsertMetadata
ObjectGraphEntityRecord	contracts/openapi/platform/platform-object-graph-v1.yaml	ontology-api	crates/ontology-api/src/lib.rs	ObjectGraphEntityRecord
ObjectGraphEntityUpsertApiErrorResponse	contracts/openapi/platform/platform-object-graph-v1.yaml	ontology-api	crates/ontology-api/src/lib.rs	ObjectGraphEntityUpsertApiErrorResponse
ObjectGraphEntityUpsertApiErrorBody	contracts/openapi/platform/platform-object-graph-v1.yaml	ontology-api	crates/ontology-api/src/lib.rs	ObjectGraphEntityUpsertApiErrorBody
ObjectGraphEntityUpsertApiErrorDetail	contracts/openapi/platform/platform-object-graph-v1.yaml	ontology-api	crates/ontology-api/src/lib.rs	ObjectGraphEntityUpsertApiErrorDetail
TenantRegulatoryPackRef	contracts/openapi/platform/platform-tenant-v1.yaml	tenancy-api	crates/tenancy-api/src/lib.rs	TenantRegulatoryPackRef
TenantCreateRequest	contracts/openapi/platform/platform-tenant-v1.yaml	tenancy-api	crates/tenancy-api/src/lib.rs	TenantCreateRequest
TenantCreateSuccessResponse	contracts/openapi/platform/platform-tenant-v1.yaml	tenancy-api	crates/tenancy-api/src/lib.rs	TenantCreateSuccessResponse
TenantCreateMetadata	contracts/openapi/platform/platform-tenant-v1.yaml	tenancy-api	crates/tenancy-api/src/lib.rs	TenantCreateMetadata
TenantRecord	contracts/openapi/platform/platform-tenant-v1.yaml	tenancy-api	crates/tenancy-api/src/lib.rs	TenantRecord
TenantCreateApiErrorResponse	contracts/openapi/platform/platform-tenant-v1.yaml	tenancy-api	crates/tenancy-api/src/lib.rs	TenantCreateApiErrorResponse
TenantCreateApiErrorBody	contracts/openapi/platform/platform-tenant-v1.yaml	tenancy-api	crates/tenancy-api/src/lib.rs	TenantCreateApiErrorBody
TenantCreateApiErrorDetail	contracts/openapi/platform/platform-tenant-v1.yaml	tenancy-api	crates/tenancy-api/src/lib.rs	TenantCreateApiErrorDetail
RegulatoryPackControlRef	contracts/openapi/platform/platform-regulatory-pack-v1.yaml	regional-pack-api	crates/regional-pack-api/src/lib.rs	RegulatoryPackControlRef
RegulatoryPackBindingPackRef	contracts/openapi/platform/platform-regulatory-pack-v1.yaml	regional-pack-api	crates/regional-pack-api/src/lib.rs	RegulatoryPackBindingPackRef
RegulatoryPackBindRequest	contracts/openapi/platform/platform-regulatory-pack-v1.yaml	regional-pack-api	crates/regional-pack-api/src/lib.rs	RegulatoryPackBindRequest
RegulatoryPackBindSuccessResponse	contracts/openapi/platform/platform-regulatory-pack-v1.yaml	regional-pack-api	crates/regional-pack-api/src/lib.rs	RegulatoryPackBindSuccessResponse
RegulatoryPackBindMetadata	contracts/openapi/platform/platform-regulatory-pack-v1.yaml	regional-pack-api	crates/regional-pack-api/src/lib.rs	RegulatoryPackBindMetadata
RegulatoryPackBindingRecord	contracts/openapi/platform/platform-regulatory-pack-v1.yaml	regional-pack-api	crates/regional-pack-api/src/lib.rs	RegulatoryPackBindingRecord
RegulatoryPackBindApiErrorResponse	contracts/openapi/platform/platform-regulatory-pack-v1.yaml	regional-pack-api	crates/regional-pack-api/src/lib.rs	RegulatoryPackBindApiErrorResponse
RegulatoryPackBindApiErrorBody	contracts/openapi/platform/platform-regulatory-pack-v1.yaml	regional-pack-api	crates/regional-pack-api/src/lib.rs	RegulatoryPackBindApiErrorBody
RegulatoryPackBindApiErrorDetail	contracts/openapi/platform/platform-regulatory-pack-v1.yaml	regional-pack-api	crates/regional-pack-api/src/lib.rs	RegulatoryPackBindApiErrorDetail
FoundryEvalCaseRequest	contracts/openapi/foundry/eval-v1.yaml	governance-eval-usecase	crates/governance-eval-usecase/src/lib.rs	FoundryEvalCaseRequest
FoundryEvalRunRequest	contracts/openapi/foundry/eval-v1.yaml	governance-eval-usecase	crates/governance-eval-usecase/src/lib.rs	FoundryEvalRunRequest
FoundryEvalRunSuccessResponse	contracts/openapi/foundry/eval-v1.yaml	governance-eval-usecase	crates/governance-eval-usecase/src/lib.rs	FoundryEvalRunSuccessResponse
FoundryEvalRunRecord	contracts/openapi/foundry/eval-v1.yaml	governance-eval-usecase	crates/governance-eval-usecase/src/lib.rs	FoundryEvalRunRecord
FoundryEvalRunMetadata	contracts/openapi/foundry/eval-v1.yaml	governance-eval-usecase	crates/governance-eval-usecase/src/lib.rs	FoundryEvalRunMetadata
FoundryEvalRunApiErrorResponse	contracts/openapi/foundry/eval-v1.yaml	governance-eval-usecase	crates/governance-eval-usecase/src/lib.rs	FoundryEvalRunApiErrorResponse
FoundryEvalRunApiErrorBody	contracts/openapi/foundry/eval-v1.yaml	governance-eval-usecase	crates/governance-eval-usecase/src/lib.rs	FoundryEvalRunApiErrorBody
FoundryEvalRunApiErrorDetail	contracts/openapi/foundry/eval-v1.yaml	governance-eval-usecase	crates/governance-eval-usecase/src/lib.rs	FoundryEvalRunApiErrorDetail
WorkspaceDrivePermissionGrantRequest	contracts/openapi/workspace/workspace-drive-v1.yaml	workspace-drive-api	crates/workspace-drive-api/src/lib.rs	WorkspaceDrivePermissionGrantRequest
WorkspaceDriveObjectPutRequest	contracts/openapi/workspace/workspace-drive-v1.yaml	workspace-drive-api	crates/workspace-drive-api/src/lib.rs	WorkspaceDriveObjectPutRequest
WorkspaceDriveObjectPutSuccessResponse	contracts/openapi/workspace/workspace-drive-v1.yaml	workspace-drive-api	crates/workspace-drive-api/src/lib.rs	WorkspaceDriveObjectPutSuccessResponse
WorkspaceDriveObjectGetSuccessResponse	contracts/openapi/workspace/workspace-drive-v1.yaml	workspace-drive-api	crates/workspace-drive-api/src/lib.rs	WorkspaceDriveObjectGetSuccessResponse
WorkspaceDriveObjectMetadata	contracts/openapi/workspace/workspace-drive-v1.yaml	workspace-drive-api	crates/workspace-drive-api/src/lib.rs	WorkspaceDriveObjectMetadata
WorkspaceDrivePermissionGrantRecord	contracts/openapi/workspace/workspace-drive-v1.yaml	workspace-drive-api	crates/workspace-drive-api/src/lib.rs	WorkspaceDrivePermissionGrantRecord
WorkspaceDriveObjectRecord	contracts/openapi/workspace/workspace-drive-v1.yaml	workspace-drive-api	crates/workspace-drive-api/src/lib.rs	WorkspaceDriveObjectRecord
WorkspaceDriveApiErrorResponse	contracts/openapi/workspace/workspace-drive-v1.yaml	workspace-drive-api	crates/workspace-drive-api/src/lib.rs	WorkspaceDriveApiErrorResponse
WorkspaceDriveApiErrorBody	contracts/openapi/workspace/workspace-drive-v1.yaml	workspace-drive-api	crates/workspace-drive-api/src/lib.rs	WorkspaceDriveApiErrorBody
WorkspaceDriveApiErrorDetail	contracts/openapi/workspace/workspace-drive-v1.yaml	workspace-drive-api	crates/workspace-drive-api/src/lib.rs	WorkspaceDriveApiErrorDetail
WorkspaceMeetParticipantRequest	contracts/openapi/workspace/workspace-meet-v1.yaml	workspace-meet-api	crates/workspace-meet-api/src/lib.rs	WorkspaceMeetParticipantRequest
WorkspaceMeetSessionStartRequest	contracts/openapi/workspace/workspace-meet-v1.yaml	workspace-meet-api	crates/workspace-meet-api/src/lib.rs	WorkspaceMeetSessionStartRequest
WorkspaceMeetSessionStartSuccessResponse	contracts/openapi/workspace/workspace-meet-v1.yaml	workspace-meet-api	crates/workspace-meet-api/src/lib.rs	WorkspaceMeetSessionStartSuccessResponse
WorkspaceMeetSessionMetadata	contracts/openapi/workspace/workspace-meet-v1.yaml	workspace-meet-api	crates/workspace-meet-api/src/lib.rs	WorkspaceMeetSessionMetadata
WorkspaceMeetParticipantRecord	contracts/openapi/workspace/workspace-meet-v1.yaml	workspace-meet-api	crates/workspace-meet-api/src/lib.rs	WorkspaceMeetParticipantRecord
WorkspaceMeetSessionRecord	contracts/openapi/workspace/workspace-meet-v1.yaml	workspace-meet-api	crates/workspace-meet-api/src/lib.rs	WorkspaceMeetSessionRecord
WorkspaceMeetApiErrorResponse	contracts/openapi/workspace/workspace-meet-v1.yaml	workspace-meet-api	crates/workspace-meet-api/src/lib.rs	WorkspaceMeetApiErrorResponse
WorkspaceMeetApiErrorBody	contracts/openapi/workspace/workspace-meet-v1.yaml	workspace-meet-api	crates/workspace-meet-api/src/lib.rs	WorkspaceMeetApiErrorBody
WorkspaceMeetApiErrorDetail	contracts/openapi/workspace/workspace-meet-v1.yaml	workspace-meet-api	crates/workspace-meet-api/src/lib.rs	WorkspaceMeetApiErrorDetail
WorkspaceChatAttachmentRequest	contracts/openapi/workspace/workspace-chat-v1.yaml	workspace-chat-api	crates/workspace-chat-api/src/lib.rs	WorkspaceChatAttachmentRequest
WorkspaceChatMessageSendRequest	contracts/openapi/workspace/workspace-chat-v1.yaml	workspace-chat-api	crates/workspace-chat-api/src/lib.rs	WorkspaceChatMessageSendRequest
WorkspaceChatMessageSendSuccessResponse	contracts/openapi/workspace/workspace-chat-v1.yaml	workspace-chat-api	crates/workspace-chat-api/src/lib.rs	WorkspaceChatMessageSendSuccessResponse
WorkspaceChatMessageMetadata	contracts/openapi/workspace/workspace-chat-v1.yaml	workspace-chat-api	crates/workspace-chat-api/src/lib.rs	WorkspaceChatMessageMetadata
WorkspaceChatAttachmentRecord	contracts/openapi/workspace/workspace-chat-v1.yaml	workspace-chat-api	crates/workspace-chat-api/src/lib.rs	WorkspaceChatAttachmentRecord
WorkspaceChatMessageRecord	contracts/openapi/workspace/workspace-chat-v1.yaml	workspace-chat-api	crates/workspace-chat-api/src/lib.rs	WorkspaceChatMessageRecord
WorkspaceChatApiErrorResponse	contracts/openapi/workspace/workspace-chat-v1.yaml	workspace-chat-api	crates/workspace-chat-api/src/lib.rs	WorkspaceChatApiErrorResponse
WorkspaceChatApiErrorBody	contracts/openapi/workspace/workspace-chat-v1.yaml	workspace-chat-api	crates/workspace-chat-api/src/lib.rs	WorkspaceChatApiErrorBody
WorkspaceChatApiErrorDetail	contracts/openapi/workspace/workspace-chat-v1.yaml	workspace-chat-api	crates/workspace-chat-api/src/lib.rs	WorkspaceChatApiErrorDetail
WorkspaceFormsAnswerRequest	contracts/openapi/workspace/workspace-forms-v1.yaml	workspace-forms-api	crates/workspace-forms-api/src/lib.rs	WorkspaceFormsAnswerRequest
WorkspaceFormsSubmissionIngestRequest	contracts/openapi/workspace/workspace-forms-v1.yaml	workspace-forms-api	crates/workspace-forms-api/src/lib.rs	WorkspaceFormsSubmissionIngestRequest
WorkspaceFormsSubmissionIngestSuccessResponse	contracts/openapi/workspace/workspace-forms-v1.yaml	workspace-forms-api	crates/workspace-forms-api/src/lib.rs	WorkspaceFormsSubmissionIngestSuccessResponse
WorkspaceFormsSubmissionMetadata	contracts/openapi/workspace/workspace-forms-v1.yaml	workspace-forms-api	crates/workspace-forms-api/src/lib.rs	WorkspaceFormsSubmissionMetadata
WorkspaceFormsAnswerRecord	contracts/openapi/workspace/workspace-forms-v1.yaml	workspace-forms-api	crates/workspace-forms-api/src/lib.rs	WorkspaceFormsAnswerRecord
WorkspaceFormsSubmissionRecord	contracts/openapi/workspace/workspace-forms-v1.yaml	workspace-forms-api	crates/workspace-forms-api/src/lib.rs	WorkspaceFormsSubmissionRecord
WorkspaceFormsApiErrorResponse	contracts/openapi/workspace/workspace-forms-v1.yaml	workspace-forms-api	crates/workspace-forms-api/src/lib.rs	WorkspaceFormsApiErrorResponse
WorkspaceFormsApiErrorBody	contracts/openapi/workspace/workspace-forms-v1.yaml	workspace-forms-api	crates/workspace-forms-api/src/lib.rs	WorkspaceFormsApiErrorBody
WorkspaceFormsApiErrorDetail	contracts/openapi/workspace/workspace-forms-v1.yaml	workspace-forms-api	crates/workspace-forms-api/src/lib.rs	WorkspaceFormsApiErrorDetail
PlatformDsrCascadeTargetRequest	contracts/openapi/platform/platform-dsr-v1.yaml	dsr-usecase	crates/dsr-usecase/src/lib.rs	PlatformDsrCascadeTargetRequest
PlatformDsrCascadeExecuteRequest	contracts/openapi/platform/platform-dsr-v1.yaml	dsr-usecase	crates/dsr-usecase/src/lib.rs	PlatformDsrCascadeExecuteRequest
PlatformDsrCascadeExecuteSuccessResponse	contracts/openapi/platform/platform-dsr-v1.yaml	dsr-usecase	crates/dsr-usecase/src/lib.rs	PlatformDsrCascadeExecuteSuccessResponse
PlatformDsrCascadeMetadata	contracts/openapi/platform/platform-dsr-v1.yaml	dsr-usecase	crates/dsr-usecase/src/lib.rs	PlatformDsrCascadeMetadata
PlatformDsrCompletionRecord	contracts/openapi/platform/platform-dsr-v1.yaml	dsr-usecase	crates/dsr-usecase/src/lib.rs	PlatformDsrCompletionRecord
PlatformDsrApiErrorResponse	contracts/openapi/platform/platform-dsr-v1.yaml	dsr-usecase	crates/dsr-usecase/src/lib.rs	PlatformDsrApiErrorResponse
PlatformDsrApiErrorBody	contracts/openapi/platform/platform-dsr-v1.yaml	dsr-usecase	crates/dsr-usecase/src/lib.rs	PlatformDsrApiErrorBody
PlatformDsrApiErrorDetail	contracts/openapi/platform/platform-dsr-v1.yaml	dsr-usecase	crates/dsr-usecase/src/lib.rs	PlatformDsrApiErrorDetail
FoundryPolicyAutonomyCeilingPublishRequest	contracts/openapi/foundry/policy-v1.yaml	intelligence-policy-api	intelligence/core/policy-api/src/lib.rs	FoundryPolicyAutonomyCeilingPublishRequest
FoundryPolicyAutonomyCeilingPublishSuccessResponse	contracts/openapi/foundry/policy-v1.yaml	intelligence-policy-api	intelligence/core/policy-api/src/lib.rs	FoundryPolicyAutonomyCeilingPublishSuccessResponse
FoundryPolicyAutonomyMetadata	contracts/openapi/foundry/policy-v1.yaml	intelligence-policy-api	intelligence/core/policy-api/src/lib.rs	FoundryPolicyAutonomyMetadata
FoundryPolicyAutonomyCeilingRecord	contracts/openapi/foundry/policy-v1.yaml	intelligence-policy-api	intelligence/core/policy-api/src/lib.rs	FoundryPolicyAutonomyCeilingRecord
FoundryPolicyApiErrorResponse	contracts/openapi/foundry/policy-v1.yaml	intelligence-policy-api	intelligence/core/policy-api/src/lib.rs	FoundryPolicyApiErrorResponse
FoundryPolicyApiErrorBody	contracts/openapi/foundry/policy-v1.yaml	intelligence-policy-api	intelligence/core/policy-api/src/lib.rs	FoundryPolicyApiErrorBody
FoundryPolicyApiErrorDetail	contracts/openapi/foundry/policy-v1.yaml	intelligence-policy-api	intelligence/core/policy-api/src/lib.rs	FoundryPolicyApiErrorDetail
FoundryCapabilityDescriptionRequest	contracts/openapi/foundry/registry-v1.yaml	intelligence-registry-api	intelligence/core/registry-api/src/lib.rs	FoundryCapabilityDescriptionRequest
FoundryCapabilityProviderRequest	contracts/openapi/foundry/registry-v1.yaml	intelligence-registry-api	intelligence/core/registry-api/src/lib.rs	FoundryCapabilityProviderRequest
FoundryCapabilityCostProfileRequest	contracts/openapi/foundry/registry-v1.yaml	intelligence-registry-api	intelligence/core/registry-api/src/lib.rs	FoundryCapabilityCostProfileRequest
FoundryCapabilityEvalCaseRequest	contracts/openapi/foundry/registry-v1.yaml	intelligence-registry-api	intelligence/core/registry-api/src/lib.rs	FoundryCapabilityEvalCaseRequest
FoundryCapabilityPublishRequest	contracts/openapi/foundry/registry-v1.yaml	intelligence-registry-api	intelligence/core/registry-api/src/lib.rs	FoundryCapabilityPublishRequest
FoundryCapabilityPublishSuccessResponse	contracts/openapi/foundry/registry-v1.yaml	intelligence-registry-api	intelligence/core/registry-api/src/lib.rs	FoundryCapabilityPublishSuccessResponse
FoundryCapabilityPublishRecord	contracts/openapi/foundry/registry-v1.yaml	intelligence-registry-api	intelligence/core/registry-api/src/lib.rs	FoundryCapabilityPublishRecord
FoundryCapabilityPublishMetadata	contracts/openapi/foundry/registry-v1.yaml	intelligence-registry-api	intelligence/core/registry-api/src/lib.rs	FoundryCapabilityPublishMetadata
FoundryCapabilityPublishApiErrorResponse	contracts/openapi/foundry/registry-v1.yaml	intelligence-registry-api	intelligence/core/registry-api/src/lib.rs	FoundryCapabilityPublishApiErrorResponse
FoundryCapabilityPublishApiErrorBody	contracts/openapi/foundry/registry-v1.yaml	intelligence-registry-api	intelligence/core/registry-api/src/lib.rs	FoundryCapabilityPublishApiErrorBody
FoundryCapabilityPublishApiErrorDetail	contracts/openapi/foundry/registry-v1.yaml	intelligence-registry-api	intelligence/core/registry-api/src/lib.rs	FoundryCapabilityPublishApiErrorDetail
FoundryRagConsentReceiptRequest	contracts/openapi/foundry/rag-v1.yaml	intelligence-rag-api	intelligence/core/rag-api/src/lib.rs	FoundryRagConsentReceiptRequest
FoundryRagRetrieveRequest	contracts/openapi/foundry/rag-v1.yaml	intelligence-rag-api	intelligence/core/rag-api/src/lib.rs	FoundryRagRetrieveRequest
FoundryRagRetrieveSuccessResponse	contracts/openapi/foundry/rag-v1.yaml	intelligence-rag-api	intelligence/core/rag-api/src/lib.rs	FoundryRagRetrieveSuccessResponse
FoundryRagRetrieveRecord	contracts/openapi/foundry/rag-v1.yaml	intelligence-rag-api	intelligence/core/rag-api/src/lib.rs	FoundryRagRetrieveRecord
FoundryRagCitationRecord	contracts/openapi/foundry/rag-v1.yaml	intelligence-rag-api	intelligence/core/rag-api/src/lib.rs	FoundryRagCitationRecord
FoundryRagRetrieveMetadata	contracts/openapi/foundry/rag-v1.yaml	intelligence-rag-api	intelligence/core/rag-api/src/lib.rs	FoundryRagRetrieveMetadata
FoundryRagRetrieveApiErrorResponse	contracts/openapi/foundry/rag-v1.yaml	intelligence-rag-api	intelligence/core/rag-api/src/lib.rs	FoundryRagRetrieveApiErrorResponse
FoundryRagRetrieveApiErrorBody	contracts/openapi/foundry/rag-v1.yaml	intelligence-rag-api	intelligence/core/rag-api/src/lib.rs	FoundryRagRetrieveApiErrorBody
FoundryRagRetrieveApiErrorDetail	contracts/openapi/foundry/rag-v1.yaml	intelligence-rag-api	intelligence/core/rag-api/src/lib.rs	FoundryRagRetrieveApiErrorDetail
